Tanggal;Kurs;
5/9/2025 12:00:00 AM;16532;
5/8/2025 12:00:00 AM;16497;
5/7/2025 12:00:00 AM;16533;
5/6/2025 12:00:00 AM;16472;
5/5/2025 12:00:00 AM;16421;
5/2/2025 12:00:00 AM;16493;
4/30/2025 12:00:00 AM;16679;
4/29/2025 12:00:00 AM;16787;
4/28/2025 12:00:00 AM;16862;
4/25/2025 12:00:00 AM;16829;
4/24/2025 12:00:00 AM;16884;
4/23/2025 12:00:00 AM;16880;
4/22/2025 12:00:00 AM;16862;
4/21/2025 12:00:00 AM;16808;
4/17/2025 12:00:00 AM;16833;
4/16/2025 12:00:00 AM;16845;
4/15/2025 12:00:00 AM;16815;
4/14/2025 12:00:00 AM;16773;
4/11/2025 12:00:00 AM;16805;
4/10/2025 12:00:00 AM;16779;
4/9/2025 12:00:00 AM;16943;
4/8/2025 12:00:00 AM;16849;
3/27/2025 12:00:00 AM;16566;
3/26/2025 12:00:00 AM;16588;
3/25/2025 12:00:00 AM;16622;
3/24/2025 12:00:00 AM;16561;
3/21/2025 12:00:00 AM;16501;
3/20/2025 12:00:00 AM;16481;
3/19/2025 12:00:00 AM;16528;
3/18/2025 12:00:00 AM;16432;
3/17/2025 12:00:00 AM;16379;
3/14/2025 12:00:00 AM;16392;
3/13/2025 12:00:00 AM;16428;
3/12/2025 12:00:00 AM;16453;
3/11/2025 12:00:00 AM;16430;
3/10/2025 12:00:00 AM;16326;
3/7/2025 12:00:00 AM;16336;
3/6/2025 12:00:00 AM;16315;
3/5/2025 12:00:00 AM;16371;
3/4/2025 12:00:00 AM;16443;
3/3/2025 12:00:00 AM;16506;
2/28/2025 12:00:00 AM;16575;
2/27/2025 12:00:00 AM;16431;
2/26/2025 12:00:00 AM;16387;
2/25/2025 12:00:00 AM;16316;
2/24/2025 12:00:00 AM;16303;
2/21/2025 12:00:00 AM;16300;
2/20/2025 12:00:00 AM;16344;
2/19/2025 12:00:00 AM;16357;
2/18/2025 12:00:00 AM;16275;
2/17/2025 12:00:00 AM;16208;
2/14/2025 12:00:00 AM;16285;
2/13/2025 12:00:00 AM;16365;
2/12/2025 12:00:00 AM;16364;
2/11/2025 12:00:00 AM;16380;
2/10/2025 12:00:00 AM;16350;
2/7/2025 12:00:00 AM;16325;
2/6/2025 12:00:00 AM;16330;
2/5/2025 12:00:00 AM;16308;
2/4/2025 12:00:00 AM;16365;
2/3/2025 12:00:00 AM;16453;
1/31/2025 12:00:00 AM;16312;
1/30/2025 12:00:00 AM;16259;
1/24/2025 12:00:00 AM;16200;
1/23/2025 12:00:00 AM;16276;
1/22/2025 12:00:00 AM;16327;
1/21/2025 12:00:00 AM;16331;
1/20/2025 12:00:00 AM;16372;
1/17/2025 12:00:00 AM;16373;
1/16/2025 12:00:00 AM;16378;
1/15/2025 12:00:00 AM;16311;
1/14/2025 12:00:00 AM;16265;
1/13/2025 12:00:00 AM;16281;
1/10/2025 12:00:00 AM;16194;
1/9/2025 12:00:00 AM;16238;
1/8/2025 12:00:00 AM;16201;
1/7/2025 12:00:00 AM;16169;
1/6/2025 12:00:00 AM;16193;
1/3/2025 12:00:00 AM;16217;
1/2/2025 12:00:00 AM;16236;
12/31/2024 12:00:00 AM;16157;
12/30/2024 12:00:00 AM;16162;
12/27/2024 12:00:00 AM;16251;
12/24/2024 12:00:00 AM;16208;
12/23/2024 12:00:00 AM;16159;
12/20/2024 12:00:00 AM;16270;
12/19/2024 12:00:00 AM;16277;
12/18/2024 12:00:00 AM;16100;
12/17/2024 12:00:00 AM;16050;
12/16/2024 12:00:00 AM;16019;
12/13/2024 12:00:00 AM;15987;
12/12/2024 12:00:00 AM;15939;
12/11/2024 12:00:00 AM;15905;
12/10/2024 12:00:00 AM;15874;
12/9/2024 12:00:00 AM;15861;
12/6/2024 12:00:00 AM;15848;
12/5/2024 12:00:00 AM;15892;
12/4/2024 12:00:00 AM;15957;
12/3/2024 12:00:00 AM;15950;
12/2/2024 12:00:00 AM;15905;
11/29/2024 12:00:00 AM;15856;
11/28/2024 12:00:00 AM;15864;
11/26/2024 12:00:00 AM;15930;
11/25/2024 12:00:00 AM;15864;
11/22/2024 12:00:00 AM;15911;
11/21/2024 12:00:00 AM;15942;
11/20/2024 12:00:00 AM;15858;
11/19/2024 12:00:00 AM;15816;
11/18/2024 12:00:00 AM;15848;
11/15/2024 12:00:00 AM;15888;
11/14/2024 12:00:00 AM;15873;
11/13/2024 12:00:00 AM;15782;
11/12/2024 12:00:00 AM;15771;
11/11/2024 12:00:00 AM;15677;
11/8/2024 12:00:00 AM;15671;
11/7/2024 12:00:00 AM;15767;
11/6/2024 12:00:00 AM;15840;
11/5/2024 12:00:00 AM;15766;
11/4/2024 12:00:00 AM;15751;
11/1/2024 12:00:00 AM;15723;
10/31/2024 12:00:00 AM;15705;
10/30/2024 12:00:00 AM;15732;
10/29/2024 12:00:00 AM;15760;
10/28/2024 12:00:00 AM;15729;
10/25/2024 12:00:00 AM;15629;
10/24/2024 12:00:00 AM;15593;
10/23/2024 12:00:00 AM;15620;
10/22/2024 12:00:00 AM;15560;
10/21/2024 12:00:00 AM;15465;
10/18/2024 12:00:00 AM;15466;
10/17/2024 12:00:00 AM;15516;
10/16/2024 12:00:00 AM;15536;
10/15/2024 12:00:00 AM;15555;
10/14/2024 12:00:00 AM;15581;
10/11/2024 12:00:00 AM;15609;
10/10/2024 12:00:00 AM;15658;
10/9/2024 12:00:00 AM;15607;
10/8/2024 12:00:00 AM;15671;
10/7/2024 12:00:00 AM;15680;
10/4/2024 12:00:00 AM;15495;
10/3/2024 12:00:00 AM;15394;
10/2/2024 12:00:00 AM;15247;
10/1/2024 12:00:00 AM;15204;
9/30/2024 12:00:00 AM;15144;
9/27/2024 12:00:00 AM;15138;
9/26/2024 12:00:00 AM;15171;
9/25/2024 12:00:00 AM;15092;
9/24/2024 12:00:00 AM;15186;
9/23/2024 12:00:00 AM;15191;
9/20/2024 12:00:00 AM;15100;
9/19/2024 12:00:00 AM;15287;
9/18/2024 12:00:00 AM;15350;
9/17/2024 12:00:00 AM;15338;
9/13/2024 12:00:00 AM;15405;
9/12/2024 12:00:00 AM;15421;
9/11/2024 12:00:00 AM;15415;
9/10/2024 12:00:00 AM;15447;
9/9/2024 12:00:00 AM;15446;
9/6/2024 12:00:00 AM;15372;
9/5/2024 12:00:00 AM;15410;
9/4/2024 12:00:00 AM;15490;
9/3/2024 12:00:00 AM;15557;
9/2/2024 12:00:00 AM;15536;
8/30/2024 12:00:00 AM;15473;
8/29/2024 12:00:00 AM;15409;
8/28/2024 12:00:00 AM;15476;
8/27/2024 12:00:00 AM;15509;
8/26/2024 12:00:00 AM;15380;
8/23/2024 12:00:00 AM;15554;
8/22/2024 12:00:00 AM;15579;
8/21/2024 12:00:00 AM;15456;
8/20/2024 12:00:00 AM;15480;
8/19/2024 12:00:00 AM;15591;
8/16/2024 12:00:00 AM;15716;
8/15/2024 12:00:00 AM;15687;
8/14/2024 12:00:00 AM;15691;
8/13/2024 12:00:00 AM;15885;
8/12/2024 12:00:00 AM;15963;
8/9/2024 12:00:00 AM;15914;
8/8/2024 12:00:00 AM;15952;
8/7/2024 12:00:00 AM;16100;
8/6/2024 12:00:00 AM;16183;
8/5/2024 12:00:00 AM;16154;
8/2/2024 12:00:00 AM;16234;
8/1/2024 12:00:00 AM;16243;
7/31/2024 12:00:00 AM;16294;
7/30/2024 12:00:00 AM;16320;
7/29/2024 12:00:00 AM;16286;
7/26/2024 12:00:00 AM;16294;
7/25/2024 12:00:00 AM;16268;
7/24/2024 12:00:00 AM;16224;
7/23/2024 12:00:00 AM;16204;
7/22/2024 12:00:00 AM;16228;
7/19/2024 12:00:00 AM;16199;
7/18/2024 12:00:00 AM;16160;
7/17/2024 12:00:00 AM;16129;
7/16/2024 12:00:00 AM;16203;
7/15/2024 12:00:00 AM;16174;
7/12/2024 12:00:00 AM;16154;
7/11/2024 12:00:00 AM;16200;
7/10/2024 12:00:00 AM;16256;
7/9/2024 12:00:00 AM;16281;
7/8/2024 12:00:00 AM;16265;
7/5/2024 12:00:00 AM;16312;
7/4/2024 12:00:00 AM;16341;
7/3/2024 12:00:00 AM;16387;
7/2/2024 12:00:00 AM;16384;
7/1/2024 12:00:00 AM;16355;
6/28/2024 12:00:00 AM;16394;
6/27/2024 12:00:00 AM;16421;
6/26/2024 12:00:00 AM;16435;
6/25/2024 12:00:00 AM;16379;
6/24/2024 12:00:00 AM;16431;
6/21/2024 12:00:00 AM;16458;
6/20/2024 12:00:00 AM;16420;
6/19/2024 12:00:00 AM;16368;
6/14/2024 12:00:00 AM;16374;
6/13/2024 12:00:00 AM;16286;
6/12/2024 12:00:00 AM;16297;
6/11/2024 12:00:00 AM;16295;
6/10/2024 12:00:00 AM;16290;
6/7/2024 12:00:00 AM;16218;
6/6/2024 12:00:00 AM;16279;
6/5/2024 12:00:00 AM;16282;
6/4/2024 12:00:00 AM;16220;
6/3/2024 12:00:00 AM;16225;
5/31/2024 12:00:00 AM;16251;
5/30/2024 12:00:00 AM;16253;
5/29/2024 12:00:00 AM;16160;
5/28/2024 12:00:00 AM;16095;
5/27/2024 12:00:00 AM;16064;
5/22/2024 12:00:00 AM;15995;
5/21/2024 12:00:00 AM;16024;
5/20/2024 12:00:00 AM;15980;
5/17/2024 12:00:00 AM;15978;
5/16/2024 12:00:00 AM;15944;
5/15/2024 12:00:00 AM;16070;
5/14/2024 12:00:00 AM;16131;
5/13/2024 12:00:00 AM;16085;
5/8/2024 12:00:00 AM;16081;
5/7/2024 12:00:00 AM;16054;
5/6/2024 12:00:00 AM;16025;
5/3/2024 12:00:00 AM;16094;
5/2/2024 12:00:00 AM;16202;
4/30/2024 12:00:00 AM;16276;
4/29/2024 12:00:00 AM;16249;
4/26/2024 12:00:00 AM;16222;
4/25/2024 12:00:00 AM;16208;
4/24/2024 12:00:00 AM;16161;
4/23/2024 12:00:00 AM;16244;
4/22/2024 12:00:00 AM;16224;
4/19/2024 12:00:00 AM;16280;
4/18/2024 12:00:00 AM;16177;
4/17/2024 12:00:00 AM;16240;
4/16/2024 12:00:00 AM;16176;
4/5/2024 12:00:00 AM;15873;
4/4/2024 12:00:00 AM;15907;
4/3/2024 12:00:00 AM;15923;
4/2/2024 12:00:00 AM;15934;
4/1/2024 12:00:00 AM;15909;
3/28/2024 12:00:00 AM;15873;
3/27/2024 12:00:00 AM;15853;
3/26/2024 12:00:00 AM;15797;
3/25/2024 12:00:00 AM;15795;
3/22/2024 12:00:00 AM;15773;
3/21/2024 12:00:00 AM;15662;
3/20/2024 12:00:00 AM;15727;
3/19/2024 12:00:00 AM;15712;
3/18/2024 12:00:00 AM;15672;
3/15/2024 12:00:00 AM;15624;
3/14/2024 12:00:00 AM;15582;
3/13/2024 12:00:00 AM;15576;
3/8/2024 12:00:00 AM;15603;
3/7/2024 12:00:00 AM;15658;
3/6/2024 12:00:00 AM;15723;
3/5/2024 12:00:00 AM;15756;
3/4/2024 12:00:00 AM;15723;
3/1/2024 12:00:00 AM;15696;
2/29/2024 12:00:00 AM;15715;
2/28/2024 12:00:00 AM;15673;
2/27/2024 12:00:00 AM;15655;
2/26/2024 12:00:00 AM;15635;
2/23/2024 12:00:00 AM;15589;
2/22/2024 12:00:00 AM;15630;
2/21/2024 12:00:00 AM;15658;
2/20/2024 12:00:00 AM;15659;
2/19/2024 12:00:00 AM;15630;
2/16/2024 12:00:00 AM;15654;
2/15/2024 12:00:00 AM;15606;
2/13/2024 12:00:00 AM;15585;
2/12/2024 12:00:00 AM;15612;
2/7/2024 12:00:00 AM;15685;
2/6/2024 12:00:00 AM;15734;
2/5/2024 12:00:00 AM;15705;
2/2/2024 12:00:00 AM;15688;
2/1/2024 12:00:00 AM;15775;
1/31/2024 12:00:00 AM;15803;
1/30/2024 12:00:00 AM;15796;
1/29/2024 12:00:00 AM;15825;
1/26/2024 12:00:00 AM;15829;
1/25/2024 12:00:00 AM;15767;
1/24/2024 12:00:00 AM;15719;
1/23/2024 12:00:00 AM;15656;
1/22/2024 12:00:00 AM;15627;
1/19/2024 12:00:00 AM;15628;
1/18/2024 12:00:00 AM;15630;
1/17/2024 12:00:00 AM;15639;
1/16/2024 12:00:00 AM;15592;
1/15/2024 12:00:00 AM;15555;
1/12/2024 12:00:00 AM;15559;
1/11/2024 12:00:00 AM;15558;
1/10/2024 12:00:00 AM;15568;
1/9/2024 12:00:00 AM;15518;
1/8/2024 12:00:00 AM;15522;
1/5/2024 12:00:00 AM;15518;
1/4/2024 12:00:00 AM;15525;
1/3/2024 12:00:00 AM;15495;
1/2/2024 12:00:00 AM;15473;
12/29/2023 12:00:00 AM;15439;
12/28/2023 12:00:00 AM;15416;
12/27/2023 12:00:00 AM;15414;
12/22/2023 12:00:00 AM;15489;
12/21/2023 12:00:00 AM;15533;
12/20/2023 12:00:00 AM;15512;
12/19/2023 12:00:00 AM;15506;
12/18/2023 12:00:00 AM;15516;
12/15/2023 12:00:00 AM;15503;
12/14/2023 12:00:00 AM;15493;
12/13/2023 12:00:00 AM;15629;
12/12/2023 12:00:00 AM;15631;
12/11/2023 12:00:00 AM;15614;
12/8/2023 12:00:00 AM;15500;
12/7/2023 12:00:00 AM;15536;
12/6/2023 12:00:00 AM;15504;
12/5/2023 12:00:00 AM;15504;
12/4/2023 12:00:00 AM;15446;
12/1/2023 12:00:00 AM;15524;
11/30/2023 12:00:00 AM;15484;
11/29/2023 12:00:00 AM;15384;
11/28/2023 12:00:00 AM;15450;
11/27/2023 12:00:00 AM;15527;
11/24/2023 12:00:00 AM;15587;
11/23/2023 12:00:00 AM;15593;
11/22/2023 12:00:00 AM;15584;
11/21/2023 12:00:00 AM;15436;
11/20/2023 12:00:00 AM;15419;
11/17/2023 12:00:00 AM;15504;
11/16/2023 12:00:00 AM;15595;
11/15/2023 12:00:00 AM;15503;
11/14/2023 12:00:00 AM;15699;
11/13/2023 12:00:00 AM;15713;
11/10/2023 12:00:00 AM;15693;
11/9/2023 12:00:00 AM;15649;
11/8/2023 12:00:00 AM;15629;
11/7/2023 12:00:00 AM;15593;
11/6/2023 12:00:00 AM;15550;
11/3/2023 12:00:00 AM;15771;
11/2/2023 12:00:00 AM;15861;
11/1/2023 12:00:00 AM;15946;
10/31/2023 12:00:00 AM;15897;
10/30/2023 12:00:00 AM;15916;
10/27/2023 12:00:00 AM;15941;
10/26/2023 12:00:00 AM;15933;
10/25/2023 12:00:00 AM;15871;
10/24/2023 12:00:00 AM;15869;
10/23/2023 12:00:00 AM;15943;
10/20/2023 12:00:00 AM;15856;
10/19/2023 12:00:00 AM;15838;
10/18/2023 12:00:00 AM;15731;
10/17/2023 12:00:00 AM;15718;
10/16/2023 12:00:00 AM;15716;
10/13/2023 12:00:00 AM;15709;
10/12/2023 12:00:00 AM;15702;
10/11/2023 12:00:00 AM;15710;
10/10/2023 12:00:00 AM;15708;
10/9/2023 12:00:00 AM;15675;
10/6/2023 12:00:00 AM;15628;
10/5/2023 12:00:00 AM;15601;
10/4/2023 12:00:00 AM;15636;
10/3/2023 12:00:00 AM;15600;
10/2/2023 12:00:00 AM;15519;
9/29/2023 12:00:00 AM;15487;
9/27/2023 12:00:00 AM;15526;
9/26/2023 12:00:00 AM;15464;
9/25/2023 12:00:00 AM;15399;
9/22/2023 12:00:00 AM;15383;
9/21/2023 12:00:00 AM;15397;
9/20/2023 12:00:00 AM;15396;
9/19/2023 12:00:00 AM;15381;
9/18/2023 12:00:00 AM;15373;
9/15/2023 12:00:00 AM;15367;
9/14/2023 12:00:00 AM;15357;
9/13/2023 12:00:00 AM;15367;
9/12/2023 12:00:00 AM;15344;
9/11/2023 12:00:00 AM;15352;
9/8/2023 12:00:00 AM;15341;
9/7/2023 12:00:00 AM;15334;
9/6/2023 12:00:00 AM;15307;
9/5/2023 12:00:00 AM;15260;
9/4/2023 12:00:00 AM;15247;
9/1/2023 12:00:00 AM;15252;
8/31/2023 12:00:00 AM;15237;
8/30/2023 12:00:00 AM;15239;
8/29/2023 12:00:00 AM;15263;
8/28/2023 12:00:00 AM;15294;
8/25/2023 12:00:00 AM;15297;
8/24/2023 12:00:00 AM;15253;
8/23/2023 12:00:00 AM;15319;
8/22/2023 12:00:00 AM;15326;
8/21/2023 12:00:00 AM;15329;
8/18/2023 12:00:00 AM;15308;
8/16/2023 12:00:00 AM;15308;
8/15/2023 12:00:00 AM;15346;
8/14/2023 12:00:00 AM;15323;
8/11/2023 12:00:00 AM;15225;
8/10/2023 12:00:00 AM;15204;
8/9/2023 12:00:00 AM;15206;
8/8/2023 12:00:00 AM;15229;
8/7/2023 12:00:00 AM;15178;
8/4/2023 12:00:00 AM;15168;
8/3/2023 12:00:00 AM;15198;
8/2/2023 12:00:00 AM;15171;
8/1/2023 12:00:00 AM;15117;
7/31/2023 12:00:00 AM;15092;
7/28/2023 12:00:00 AM;15083;
7/27/2023 12:00:00 AM;15003;
7/26/2023 12:00:00 AM;15032;
7/25/2023 12:00:00 AM;15007;
7/24/2023 12:00:00 AM;15028;
7/21/2023 12:00:00 AM;15026;
7/20/2023 12:00:00 AM;14991;
7/18/2023 12:00:00 AM;14994;
7/17/2023 12:00:00 AM;15007;
7/14/2023 12:00:00 AM;14945;
7/13/2023 12:00:00 AM;14978;
7/12/2023 12:00:00 AM;15084;
7/11/2023 12:00:00 AM;15162;
7/10/2023 12:00:00 AM;15192;
7/7/2023 12:00:00 AM;15136;
7/6/2023 12:00:00 AM;15062;
7/5/2023 12:00:00 AM;15013;
7/4/2023 12:00:00 AM;15018;
7/3/2023 12:00:00 AM;15034;
6/27/2023 12:00:00 AM;15000;
6/26/2023 12:00:00 AM;15026;
6/23/2023 12:00:00 AM;14998;
6/22/2023 12:00:00 AM;14918;
6/21/2023 12:00:00 AM;14982;
6/20/2023 12:00:00 AM;15040;
6/19/2023 12:00:00 AM;14994;
6/16/2023 12:00:00 AM;14945;
6/15/2023 12:00:00 AM;14943;
6/14/2023 12:00:00 AM;14895;
6/13/2023 12:00:00 AM;14868;
6/12/2023 12:00:00 AM;14874;
6/9/2023 12:00:00 AM;14853;
6/8/2023 12:00:00 AM;14903;
6/7/2023 12:00:00 AM;14875;
6/6/2023 12:00:00 AM;14839;
6/5/2023 12:00:00 AM;14888;
5/31/2023 12:00:00 AM;15003;
5/30/2023 12:00:00 AM;14969;
5/29/2023 12:00:00 AM;14973;
5/26/2023 12:00:00 AM;14959;
5/25/2023 12:00:00 AM;14952;
5/24/2023 12:00:00 AM;14905;
5/23/2023 12:00:00 AM;14878;
5/22/2023 12:00:00 AM;14897;
5/19/2023 12:00:00 AM;14936;
5/17/2023 12:00:00 AM;14875;
5/16/2023 12:00:00 AM;14810;
5/15/2023 12:00:00 AM;14812;
5/12/2023 12:00:00 AM;14752;
5/11/2023 12:00:00 AM;14722;
5/10/2023 12:00:00 AM;14746;
5/9/2023 12:00:00 AM;14757;
5/8/2023 12:00:00 AM;14709;
5/5/2023 12:00:00 AM;14674;
5/4/2023 12:00:00 AM;14632;
5/3/2023 12:00:00 AM;14706;
5/2/2023 12:00:00 AM;14703;
4/28/2023 12:00:00 AM;14661;
4/27/2023 12:00:00 AM;14751;
4/26/2023 12:00:00 AM;14882;
4/18/2023 12:00:00 AM;14855;
4/17/2023 12:00:00 AM;14773;
4/14/2023 12:00:00 AM;14666;
4/13/2023 12:00:00 AM;14792;
4/12/2023 12:00:00 AM;14866;
4/11/2023 12:00:00 AM;14888;
4/10/2023 12:00:00 AM;14905;
4/6/2023 12:00:00 AM;14943;
4/5/2023 12:00:00 AM;14933;
4/4/2023 12:00:00 AM;14913;
4/3/2023 12:00:00 AM;14990;
3/31/2023 12:00:00 AM;14977;
3/30/2023 12:00:00 AM;15062;
3/29/2023 12:00:00 AM;15094;
3/28/2023 12:00:00 AM;15088;
3/27/2023 12:00:00 AM;15174;
3/24/2023 12:00:00 AM;15189;
3/21/2023 12:00:00 AM;15349;
3/20/2023 12:00:00 AM;15372;
3/17/2023 12:00:00 AM;15364;
3/16/2023 12:00:00 AM;15418;
3/15/2023 12:00:00 AM;15365;
3/14/2023 12:00:00 AM;15380;
3/13/2023 12:00:00 AM;15374;
3/10/2023 12:00:00 AM;15468;
3/9/2023 12:00:00 AM;15438;
3/8/2023 12:00:00 AM;15451;
3/7/2023 12:00:00 AM;15359;
3/6/2023 12:00:00 AM;15301;
3/3/2023 12:00:00 AM;15306;
3/2/2023 12:00:00 AM;15273;
3/1/2023 12:00:00 AM;15250;
2/28/2023 12:00:00 AM;15240;
2/27/2023 12:00:00 AM;15274;
2/24/2023 12:00:00 AM;15216;
2/23/2023 12:00:00 AM;15187;
2/22/2023 12:00:00 AM;15218;
2/21/2023 12:00:00 AM;15179;
2/20/2023 12:00:00 AM;15168;
2/17/2023 12:00:00 AM;15199;
2/16/2023 12:00:00 AM;15176;
2/15/2023 12:00:00 AM;15194;
2/14/2023 12:00:00 AM;15168;
2/13/2023 12:00:00 AM;15216;
2/10/2023 12:00:00 AM;15140;
2/9/2023 12:00:00 AM;15120;
2/8/2023 12:00:00 AM;15122;
2/7/2023 12:00:00 AM;15139;
2/6/2023 12:00:00 AM;15055;
2/3/2023 12:00:00 AM;14898;
2/2/2023 12:00:00 AM;14868;
2/1/2023 12:00:00 AM;14991;
1/31/2023 12:00:00 AM;14992;
1/30/2023 12:00:00 AM;14979;
1/27/2023 12:00:00 AM;14978;
1/26/2023 12:00:00 AM;14964;
1/25/2023 12:00:00 AM;14958;
1/24/2023 12:00:00 AM;14930;
1/20/2023 12:00:00 AM;15121;
1/19/2023 12:00:00 AM;15113;
1/18/2023 12:00:00 AM;15137;
1/17/2023 12:00:00 AM;15154;
1/16/2023 12:00:00 AM;15019;
1/13/2023 12:00:00 AM;15177;
1/12/2023 12:00:00 AM;15366;
1/11/2023 12:00:00 AM;15527;
1/10/2023 12:00:00 AM;15589;
1/9/2023 12:00:00 AM;15574;
1/6/2023 12:00:00 AM;15635;
1/5/2023 12:00:00 AM;15610;
1/4/2023 12:00:00 AM;15615;
1/3/2023 12:00:00 AM;15590;
1/2/2023 12:00:00 AM;15572;
12/30/2022 12:00:00 AM;15592;
12/29/2022 12:00:00 AM;15731;
12/28/2022 12:00:00 AM;15703;
12/27/2022 12:00:00 AM;15659;
12/26/2022 12:00:00 AM;15636;
12/23/2022 12:00:00 AM;15605;
12/22/2022 12:00:00 AM;15594;
12/21/2022 12:00:00 AM;15601;
12/20/2022 12:00:00 AM;15608;
12/19/2022 12:00:00 AM;15621;
12/16/2022 12:00:00 AM;15617;
12/15/2022 12:00:00 AM;15630;
12/14/2022 12:00:00 AM;15619;
12/13/2022 12:00:00 AM;15661;
12/12/2022 12:00:00 AM;15642;
12/9/2022 12:00:00 AM;15587;
12/8/2022 12:00:00 AM;15624;
12/7/2022 12:00:00 AM;15619;
12/6/2022 12:00:00 AM;15576;
12/5/2022 12:00:00 AM;15409;
12/2/2022 12:00:00 AM;15429;
12/1/2022 12:00:00 AM;15617;
11/30/2022 12:00:00 AM;15742;
11/29/2022 12:00:00 AM;15737;
11/28/2022 12:00:00 AM;15729;
11/25/2022 12:00:00 AM;15668;
11/24/2022 12:00:00 AM;15647;
11/23/2022 12:00:00 AM;15700;
11/22/2022 12:00:00 AM;15716;
11/21/2022 12:00:00 AM;15707;
11/18/2022 12:00:00 AM;15692;
11/17/2022 12:00:00 AM;15687;
11/16/2022 12:00:00 AM;15610;
11/15/2022 12:00:00 AM;15564;
11/14/2022 12:00:00 AM;15499;
11/11/2022 12:00:00 AM;15493;
11/10/2022 12:00:00 AM;15701;
11/9/2022 12:00:00 AM;15654;
11/8/2022 12:00:00 AM;15684;
11/7/2022 12:00:00 AM;15692;
11/4/2022 12:00:00 AM;15736;
11/3/2022 12:00:00 AM;15681;
11/2/2022 12:00:00 AM;15652;
11/1/2022 12:00:00 AM;15647;
10/31/2022 12:00:00 AM;15596;
10/28/2022 12:00:00 AM;15542;
10/27/2022 12:00:00 AM;15573;
10/26/2022 12:00:00 AM;15596;
10/25/2022 12:00:00 AM;15616;
10/24/2022 12:00:00 AM;15590;
10/21/2022 12:00:00 AM;15610;
10/20/2022 12:00:00 AM;15579;
10/19/2022 12:00:00 AM;15491;
10/18/2022 12:00:00 AM;15469;
10/17/2022 12:00:00 AM;15480;
10/14/2022 12:00:00 AM;15390;
10/13/2022 12:00:00 AM;15357;
10/12/2022 12:00:00 AM;15373;
10/11/2022 12:00:00 AM;15362;
10/10/2022 12:00:00 AM;15299;
10/7/2022 12:00:00 AM;15246;
10/6/2022 12:00:00 AM;15197;
10/5/2022 12:00:00 AM;15196;
10/4/2022 12:00:00 AM;15276;
10/3/2022 12:00:00 AM;15293;
9/30/2022 12:00:00 AM;15232;
9/29/2022 12:00:00 AM;15247;
9/28/2022 12:00:00 AM;15243;
9/27/2022 12:00:00 AM;15155;
9/26/2022 12:00:00 AM;15119;
9/23/2022 12:00:00 AM;15035;
9/22/2022 12:00:00 AM;15033;
9/21/2022 12:00:00 AM;15011;
9/20/2022 12:00:00 AM;14975;
9/19/2022 12:00:00 AM;14980;
9/16/2022 12:00:00 AM;14939;
9/15/2022 12:00:00 AM;14899;
9/14/2022 12:00:00 AM;14923;
9/13/2022 12:00:00 AM;14861;
9/12/2022 12:00:00 AM;14839;
9/9/2022 12:00:00 AM;14846;
9/8/2022 12:00:00 AM;14905;
9/7/2022 12:00:00 AM;14927;
9/6/2022 12:00:00 AM;14885;
9/5/2022 12:00:00 AM;14920;
9/2/2022 12:00:00 AM;14900;
9/1/2022 12:00:00 AM;14884;
8/31/2022 12:00:00 AM;14853;
8/30/2022 12:00:00 AM;14875;
8/29/2022 12:00:00 AM;14887;
8/26/2022 12:00:00 AM;14814;
8/25/2022 12:00:00 AM;14827;
8/24/2022 12:00:00 AM;14851;
8/23/2022 12:00:00 AM;14893;
8/22/2022 12:00:00 AM;14882;
8/19/2022 12:00:00 AM;14858;
8/18/2022 12:00:00 AM;14822;
8/16/2022 12:00:00 AM;14767;
8/15/2022 12:00:00 AM;14727;
8/12/2022 12:00:00 AM;14688;
8/11/2022 12:00:00 AM;14799;
8/10/2022 12:00:00 AM;14875;
8/9/2022 12:00:00 AM;14862;
8/8/2022 12:00:00 AM;14915;
8/5/2022 12:00:00 AM;14904;
8/4/2022 12:00:00 AM;14929;
8/3/2022 12:00:00 AM;14917;
8/2/2022 12:00:00 AM;14888;
8/1/2022 12:00:00 AM;14874;
7/29/2022 12:00:00 AM;14860;
7/28/2022 12:00:00 AM;14958;
7/27/2022 12:00:00 AM;15020;
7/26/2022 12:00:00 AM;14984;
7/25/2022 12:00:00 AM;14992;
7/22/2022 12:00:00 AM;15024;
7/21/2022 12:00:00 AM;15017;
7/20/2022 12:00:00 AM;14984;
7/19/2022 12:00:00 AM;14992;
7/18/2022 12:00:00 AM;14986;
7/15/2022 12:00:00 AM;14999;
7/14/2022 12:00:00 AM;14999;
7/13/2022 12:00:00 AM;14985;
7/12/2022 12:00:00 AM;14993;
7/11/2022 12:00:00 AM;14969;
7/8/2022 12:00:00 AM;14981;
7/7/2022 12:00:00 AM;14986;
7/6/2022 12:00:00 AM;15015;
7/5/2022 12:00:00 AM;14990;
7/4/2022 12:00:00 AM;14960;
7/1/2022 12:00:00 AM;14956;
6/30/2022 12:00:00 AM;14882;
6/29/2022 12:00:00 AM;14848;
6/28/2022 12:00:00 AM;14837;
6/27/2022 12:00:00 AM;14802;
6/24/2022 12:00:00 AM;14846;
6/23/2022 12:00:00 AM;14835;
6/22/2022 12:00:00 AM;14860;
6/21/2022 12:00:00 AM;14804;
6/20/2022 12:00:00 AM;14836;
6/17/2022 12:00:00 AM;14828;
6/16/2022 12:00:00 AM;14741;
6/15/2022 12:00:00 AM;14746;
6/14/2022 12:00:00 AM;14729;
6/13/2022 12:00:00 AM;14672;
6/10/2022 12:00:00 AM;14569;
6/9/2022 12:00:00 AM;14555;
6/8/2022 12:00:00 AM;14477;
6/7/2022 12:00:00 AM;14464;
6/6/2022 12:00:00 AM;14462;
6/3/2022 12:00:00 AM;14431;
6/2/2022 12:00:00 AM;14526;
5/31/2022 12:00:00 AM;14592;
5/30/2022 12:00:00 AM;14544;
5/27/2022 12:00:00 AM;14578;
5/25/2022 12:00:00 AM;14645;
5/24/2022 12:00:00 AM;14653;
5/23/2022 12:00:00 AM;14665;
5/20/2022 12:00:00 AM;14661;
5/19/2022 12:00:00 AM;14731;
5/18/2022 12:00:00 AM;14682;
5/17/2022 12:00:00 AM;14651;
5/13/2022 12:00:00 AM;14619;
5/12/2022 12:00:00 AM;14585;
5/11/2022 12:00:00 AM;14546;
5/10/2022 12:00:00 AM;14546;
5/9/2022 12:00:00 AM;14534;
4/28/2022 12:00:00 AM;14480;
4/27/2022 12:00:00 AM;14418;
4/26/2022 12:00:00 AM;14412;
4/25/2022 12:00:00 AM;14452;
4/22/2022 12:00:00 AM;14361;
4/21/2022 12:00:00 AM;14348;
4/20/2022 12:00:00 AM;14351;
4/19/2022 12:00:00 AM;14347;
4/18/2022 12:00:00 AM;14356;
4/14/2022 12:00:00 AM;14349;
4/13/2022 12:00:00 AM;14359;
4/12/2022 12:00:00 AM;14364;
4/11/2022 12:00:00 AM;14370;
4/8/2022 12:00:00 AM;14365;
4/7/2022 12:00:00 AM;14359;
4/6/2022 12:00:00 AM;14364;
4/5/2022 12:00:00 AM;14348;
4/4/2022 12:00:00 AM;14362;
4/1/2022 12:00:00 AM;14364;
3/31/2022 12:00:00 AM;14357;
3/30/2022 12:00:00 AM;14349;
3/29/2022 12:00:00 AM;14364;
3/28/2022 12:00:00 AM;14360;
3/25/2022 12:00:00 AM;14341;
3/24/2022 12:00:00 AM;14361;
3/23/2022 12:00:00 AM;14351;
3/22/2022 12:00:00 AM;14358;
3/21/2022 12:00:00 AM;14341;
3/18/2022 12:00:00 AM;14340;
3/17/2022 12:00:00 AM;14290;
3/16/2022 12:00:00 AM;14311;
3/15/2022 12:00:00 AM;14321;
3/14/2022 12:00:00 AM;14328;
3/11/2022 12:00:00 AM;14306;
3/10/2022 12:00:00 AM;14298;
3/9/2022 12:00:00 AM;14371;
3/8/2022 12:00:00 AM;14394;
3/7/2022 12:00:00 AM;14411;
3/4/2022 12:00:00 AM;14383;
3/2/2022 12:00:00 AM;14373;
3/1/2022 12:00:00 AM;14350;
2/25/2022 12:00:00 AM;14369;
2/24/2022 12:00:00 AM;14371;
2/23/2022 12:00:00 AM;14355;
2/22/2022 12:00:00 AM;14362;
2/21/2022 12:00:00 AM;14329;
2/18/2022 12:00:00 AM;14339;
2/17/2022 12:00:00 AM;14301;
2/16/2022 12:00:00 AM;14278;
2/15/2022 12:00:00 AM;14292;
2/14/2022 12:00:00 AM;14338;
2/11/2022 12:00:00 AM;14359;
2/10/2022 12:00:00 AM;14344;
2/9/2022 12:00:00 AM;14366;
2/8/2022 12:00:00 AM;14385;
2/7/2022 12:00:00 AM;14404;
2/4/2022 12:00:00 AM;14376;
2/3/2022 12:00:00 AM;14381;
2/2/2022 12:00:00 AM;14347;
1/31/2022 12:00:00 AM;14392;
1/28/2022 12:00:00 AM;14381;
1/27/2022 12:00:00 AM;14385;
1/26/2022 12:00:00 AM;14346;
1/25/2022 12:00:00 AM;14358;
1/24/2022 12:00:00 AM;14327;
1/21/2022 12:00:00 AM;14347;
1/20/2022 12:00:00 AM;14354;
1/19/2022 12:00:00 AM;14370;
1/18/2022 12:00:00 AM;14325;
1/17/2022 12:00:00 AM;14323;
1/14/2022 12:00:00 AM;14310;
1/13/2022 12:00:00 AM;14311;
1/12/2022 12:00:00 AM;14302;
1/11/2022 12:00:00 AM;14299;
1/10/2022 12:00:00 AM;14323;
1/7/2022 12:00:00 AM;14360;
1/6/2022 12:00:00 AM;14396;
1/5/2022 12:00:00 AM;14365;
1/4/2022 12:00:00 AM;14310;
1/3/2022 12:00:00 AM;14270;
12/31/2021 12:00:00 AM;14278;
12/30/2021 12:00:00 AM;14269;
12/29/2021 12:00:00 AM;14265;
12/28/2021 12:00:00 AM;14237;
12/27/2021 12:00:00 AM;14225;
12/24/2021 12:00:00 AM;14219;
12/23/2021 12:00:00 AM;14251;
12/22/2021 12:00:00 AM;14264;
12/21/2021 12:00:00 AM;14349;
12/20/2021 12:00:00 AM;14384;
12/17/2021 12:00:00 AM;14343;
12/16/2021 12:00:00 AM;14343;
12/15/2021 12:00:00 AM;14337;
12/14/2021 12:00:00 AM;14348;
12/13/2021 12:00:00 AM;14346;
12/10/2021 12:00:00 AM;14378;
12/9/2021 12:00:00 AM;14351;
12/8/2021 12:00:00 AM;14348;
12/7/2021 12:00:00 AM;14408;
12/6/2021 12:00:00 AM;14441;
12/3/2021 12:00:00 AM;14408;
12/2/2021 12:00:00 AM;14378;
12/1/2021 12:00:00 AM;14353;
11/30/2021 12:00:00 AM;14320;
11/29/2021 12:00:00 AM;14340;
11/26/2021 12:00:00 AM;14280;
11/25/2021 12:00:00 AM;14280;
11/24/2021 12:00:00 AM;14272;
11/23/2021 12:00:00 AM;14272;
11/22/2021 12:00:00 AM;14255;
11/19/2021 12:00:00 AM;14237;
11/18/2021 12:00:00 AM;14231;
11/17/2021 12:00:00 AM;14259;
11/16/2021 12:00:00 AM;14211;
11/15/2021 12:00:00 AM;14206;
11/12/2021 12:00:00 AM;14243;
11/11/2021 12:00:00 AM;14288;
11/10/2021 12:00:00 AM;14253;
11/9/2021 12:00:00 AM;14233;
11/8/2021 12:00:00 AM;14268;
11/5/2021 12:00:00 AM;14374;
11/4/2021 12:00:00 AM;14327;
11/3/2021 12:00:00 AM;14301;
11/2/2021 12:00:00 AM;14261;
11/1/2021 12:00:00 AM;14235;
10/29/2021 12:00:00 AM;14171;
10/28/2021 12:00:00 AM;14199;
10/27/2021 12:00:00 AM;14184;
10/26/2021 12:00:00 AM;14165;
10/25/2021 12:00:00 AM;14183;
10/22/2021 12:00:00 AM;14162;
10/21/2021 12:00:00 AM;14133;
10/19/2021 12:00:00 AM;14080;
10/18/2021 12:00:00 AM;14096;
10/15/2021 12:00:00 AM;14084;
10/14/2021 12:00:00 AM;14155;
10/13/2021 12:00:00 AM;14221;
10/12/2021 12:00:00 AM;14217;
10/11/2021 12:00:00 AM;14210;
10/8/2021 12:00:00 AM;14225;
10/7/2021 12:00:00 AM;14238;
10/6/2021 12:00:00 AM;14245;
10/5/2021 12:00:00 AM;14260;
10/4/2021 12:00:00 AM;14276;
10/1/2021 12:00:00 AM;14315;
9/30/2021 12:00:00 AM;14321;
9/29/2021 12:00:00 AM;14307;
9/28/2021 12:00:00 AM;14269;
9/27/2021 12:00:00 AM;14258;
9/24/2021 12:00:00 AM;14250;
9/23/2021 12:00:00 AM;14256;
9/22/2021 12:00:00 AM;14249;
9/21/2021 12:00:00 AM;14244;
9/20/2021 12:00:00 AM;14251;
9/17/2021 12:00:00 AM;14233;
9/16/2021 12:00:00 AM;14238;
9/15/2021 12:00:00 AM;14252;
9/14/2021 12:00:00 AM;14257;
9/13/2021 12:00:00 AM;14260;
9/10/2021 12:00:00 AM;14225;
9/9/2021 12:00:00 AM;14272;
9/8/2021 12:00:00 AM;14266;
9/7/2021 12:00:00 AM;14195;
9/6/2021 12:00:00 AM;14239;
9/3/2021 12:00:00 AM;14261;
9/2/2021 12:00:00 AM;14281;
9/1/2021 12:00:00 AM;14284;
8/31/2021 12:00:00 AM;14306;
8/30/2021 12:00:00 AM;14374;
8/27/2021 12:00:00 AM;14431;
8/26/2021 12:00:00 AM;14423;
8/25/2021 12:00:00 AM;14408;
8/24/2021 12:00:00 AM;14391;
8/23/2021 12:00:00 AM;14415;
8/20/2021 12:00:00 AM;14464;
8/19/2021 12:00:00 AM;14414;
8/18/2021 12:00:00 AM;14384;
8/16/2021 12:00:00 AM;14383;
8/13/2021 12:00:00 AM;14388;
8/12/2021 12:00:00 AM;14389;
8/10/2021 12:00:00 AM;14397;
8/9/2021 12:00:00 AM;14378;
8/6/2021 12:00:00 AM;14369;
8/5/2021 12:00:00 AM;14342;
8/4/2021 12:00:00 AM;14324;
8/3/2021 12:00:00 AM;14362;
8/2/2021 12:00:00 AM;14456;
7/30/2021 12:00:00 AM;14462;
7/29/2021 12:00:00 AM;14491;
7/28/2021 12:00:00 AM;14498;
7/27/2021 12:00:00 AM;14489;
7/26/2021 12:00:00 AM;14494;
7/23/2021 12:00:00 AM;14501;
7/22/2021 12:00:00 AM;14508;
7/21/2021 12:00:00 AM;14554;
7/19/2021 12:00:00 AM;14524;
7/16/2021 12:00:00 AM;14517;
7/15/2021 12:00:00 AM;14503;
7/14/2021 12:00:00 AM;14493;
7/13/2021 12:00:00 AM;14486;
7/12/2021 12:00:00 AM;14486;
7/9/2021 12:00:00 AM;14548;
7/8/2021 12:00:00 AM;14548;
7/7/2021 12:00:00 AM;14500;
7/6/2021 12:00:00 AM;14468;
7/5/2021 12:00:00 AM;14482;
7/2/2021 12:00:00 AM;14564;
7/1/2021 12:00:00 AM;14539;
6/30/2021 12:00:00 AM;14542;
6/29/2021 12:00:00 AM;14496;
6/28/2021 12:00:00 AM;14472;
6/25/2021 12:00:00 AM;14447;
6/24/2021 12:00:00 AM;14462;
6/23/2021 12:00:00 AM;14454;
6/22/2021 12:00:00 AM;14421;
6/21/2021 12:00:00 AM;14453;
6/18/2021 12:00:00 AM;14403;
6/17/2021 12:00:00 AM;14378;
6/16/2021 12:00:00 AM;14257;
6/15/2021 12:00:00 AM;14244;
6/14/2021 12:00:00 AM;14222;
6/11/2021 12:00:00 AM;14206;
6/10/2021 12:00:00 AM;14240;
6/9/2021 12:00:00 AM;14262;
6/8/2021 12:00:00 AM;14262;
6/7/2021 12:00:00 AM;14271;
6/4/2021 12:00:00 AM;14316;
6/3/2021 12:00:00 AM;14297;
6/2/2021 12:00:00 AM;14276;
5/31/2021 12:00:00 AM;14292;
5/28/2021 12:00:00 AM;14310;
5/27/2021 12:00:00 AM;14312;
5/25/2021 12:00:00 AM;14335;
5/24/2021 12:00:00 AM;14362;
5/21/2021 12:00:00 AM;14375;
5/20/2021 12:00:00 AM;14396;
5/19/2021 12:00:00 AM;14313;
5/18/2021 12:00:00 AM;14300;
5/17/2021 12:00:00 AM;14284;
5/11/2021 12:00:00 AM;14203;
5/10/2021 12:00:00 AM;14198;
5/7/2021 12:00:00 AM;14289;
5/6/2021 12:00:00 AM;14364;
5/5/2021 12:00:00 AM;14439;
5/4/2021 12:00:00 AM;14431;
5/3/2021 12:00:00 AM;14467;
4/30/2021 12:00:00 AM;14453;
4/29/2021 12:00:00 AM;14468;
4/28/2021 12:00:00 AM;14510;
4/27/2021 12:00:00 AM;14497;
4/26/2021 12:00:00 AM;14489;
4/23/2021 12:00:00 AM;14548;
4/22/2021 12:00:00 AM;14530;
4/21/2021 12:00:00 AM;14549;
4/20/2021 12:00:00 AM;14508;
4/19/2021 12:00:00 AM;14568;
4/16/2021 12:00:00 AM;14592;
4/15/2021 12:00:00 AM;14646;
4/14/2021 12:00:00 AM;14633;
4/13/2021 12:00:00 AM;14648;
4/12/2021 12:00:00 AM;14631;
4/9/2021 12:00:00 AM;14580;
4/8/2021 12:00:00 AM;14580;
4/7/2021 12:00:00 AM;14513;
4/6/2021 12:00:00 AM;14519;
4/5/2021 12:00:00 AM;14533;
4/1/2021 12:00:00 AM;14577;
3/31/2021 12:00:00 AM;14572;
3/30/2021 12:00:00 AM;14481;
3/29/2021 12:00:00 AM;14434;
3/26/2021 12:00:00 AM;14446;
3/25/2021 12:00:00 AM;14464;
3/24/2021 12:00:00 AM;14455;
3/23/2021 12:00:00 AM;14421;
3/22/2021 12:00:00 AM;14456;
3/19/2021 12:00:00 AM;14476;
3/18/2021 12:00:00 AM;14412;
3/17/2021 12:00:00 AM;14459;
3/16/2021 12:00:00 AM;14424;
3/15/2021 12:00:00 AM;14418;
3/12/2021 12:00:00 AM;14371;
3/10/2021 12:00:00 AM;14421;
3/9/2021 12:00:00 AM;14468;
3/8/2021 12:00:00 AM;14390;
3/5/2021 12:00:00 AM;14371;
3/4/2021 12:00:00 AM;14299;
3/3/2021 12:00:00 AM;14334;
3/2/2021 12:00:00 AM;14307;
3/1/2021 12:00:00 AM;14300;
2/26/2021 12:00:00 AM;14229;
2/25/2021 12:00:00 AM;14104;
2/24/2021 12:00:00 AM;14089;
2/23/2021 12:00:00 AM;14126;
2/22/2021 12:00:00 AM;14098;
2/19/2021 12:00:00 AM;14085;
2/18/2021 12:00:00 AM;14059;
2/17/2021 12:00:00 AM;14019;
2/16/2021 12:00:00 AM;13875;
2/15/2021 12:00:00 AM;13946;
2/11/2021 12:00:00 AM;14011;
2/10/2021 12:00:00 AM;13989;
2/9/2021 12:00:00 AM;14000;
2/8/2021 12:00:00 AM;14000;
2/5/2021 12:00:00 AM;14062;
2/4/2021 12:00:00 AM;14036;
2/3/2021 12:00:00 AM;14017;
2/2/2021 12:00:00 AM;14044;
2/1/2021 12:00:00 AM;14042;
1/29/2021 12:00:00 AM;14084;
1/28/2021 12:00:00 AM;14119;
1/27/2021 12:00:00 AM;14091;
1/26/2021 12:00:00 AM;14086;
1/25/2021 12:00:00 AM;14082;
1/22/2021 12:00:00 AM;14054;
1/21/2021 12:00:00 AM;14039;
1/20/2021 12:00:00 AM;14065;
1/19/2021 12:00:00 AM;14086;
1/18/2021 12:00:00 AM;14080;
1/15/2021 12:00:00 AM;14068;
1/14/2021 12:00:00 AM;14119;
1/13/2021 12:00:00 AM;14109;
1/12/2021 12:00:00 AM;14231;
1/11/2021 12:00:00 AM;14155;
1/8/2021 12:00:00 AM;14058;
1/7/2021 12:00:00 AM;13938;
1/6/2021 12:00:00 AM;13926;
1/5/2021 12:00:00 AM;13945;
1/4/2021 12:00:00 AM;13903;
12/30/2020 12:00:00 AM;14105;
12/29/2020 12:00:00 AM;14169;
12/28/2020 12:00:00 AM;14184;
12/23/2020 12:00:00 AM;14282;
12/22/2020 12:00:00 AM;14218;
12/21/2020 12:00:00 AM;14180;
12/18/2020 12:00:00 AM;14146;
12/17/2020 12:00:00 AM;14152;
12/16/2020 12:00:00 AM;14151;
12/15/2020 12:00:00 AM;14171;
12/14/2020 12:00:00 AM;14158;
12/11/2020 12:00:00 AM;14102;
12/10/2020 12:00:00 AM;14130;
12/8/2020 12:00:00 AM;14164;
12/7/2020 12:00:00 AM;14135;
12/4/2020 12:00:00 AM;14182;
12/3/2020 12:00:00 AM;14177;
12/2/2020 12:00:00 AM;14164;
12/1/2020 12:00:00 AM;14178;
11/30/2020 12:00:00 AM;14128;
11/27/2020 12:00:00 AM;14145;
11/26/2020 12:00:00 AM;14130;
11/25/2020 12:00:00 AM;14169;
11/24/2020 12:00:00 AM;14196;
11/23/2020 12:00:00 AM;14164;
11/20/2020 12:00:00 AM;14228;
11/19/2020 12:00:00 AM;14167;
11/18/2020 12:00:00 AM;14118;
11/17/2020 12:00:00 AM;14073;
11/16/2020 12:00:00 AM;14139;
11/13/2020 12:00:00 AM;14222;
11/12/2020 12:00:00 AM;14187;
11/11/2020 12:00:00 AM;14076;
11/10/2020 12:00:00 AM;14015;
11/9/2020 12:00:00 AM;14172;
11/6/2020 12:00:00 AM;14321;
11/5/2020 12:00:00 AM;14439;
11/4/2020 12:00:00 AM;14557;
11/3/2020 12:00:00 AM;14609;
11/2/2020 12:00:00 AM;14718;
10/27/2020 12:00:00 AM;14690;
10/26/2020 12:00:00 AM;14697;
10/23/2020 12:00:00 AM;14738;
10/22/2020 12:00:00 AM;14697;
10/21/2020 12:00:00 AM;14658;
10/20/2020 12:00:00 AM;14729;
10/19/2020 12:00:00 AM;14741;
10/16/2020 12:00:00 AM;14766;
10/15/2020 12:00:00 AM;14760;
10/14/2020 12:00:00 AM;14780;
10/13/2020 12:00:00 AM;14793;
10/12/2020 12:00:00 AM;14746;
10/9/2020 12:00:00 AM;14737;
10/8/2020 12:00:00 AM;14750;
10/7/2020 12:00:00 AM;14784;
10/6/2020 12:00:00 AM;14712;
10/5/2020 12:00:00 AM;14867;
10/2/2020 12:00:00 AM;14890;
10/1/2020 12:00:00 AM;14876;
9/30/2020 12:00:00 AM;14918;
9/29/2020 12:00:00 AM;14920;
9/28/2020 12:00:00 AM;14959;
9/25/2020 12:00:00 AM;14951;
9/24/2020 12:00:00 AM;14949;
9/23/2020 12:00:00 AM;14835;
9/22/2020 12:00:00 AM;14782;
9/21/2020 12:00:00 AM;14723;
9/18/2020 12:00:00 AM;14768;
9/17/2020 12:00:00 AM;14878;
9/16/2020 12:00:00 AM;14844;
9/15/2020 12:00:00 AM;14870;
9/14/2020 12:00:00 AM;14974;
9/11/2020 12:00:00 AM;14979;
9/10/2020 12:00:00 AM;14871;
9/9/2020 12:00:00 AM;14853;
9/8/2020 12:00:00 AM;14798;
9/7/2020 12:00:00 AM;14754;
9/4/2020 12:00:00 AM;14792;
9/3/2020 12:00:00 AM;14818;
9/2/2020 12:00:00 AM;14804;
9/1/2020 12:00:00 AM;14615;
8/31/2020 12:00:00 AM;14554;
8/28/2020 12:00:00 AM;14702;
8/27/2020 12:00:00 AM;14714;
8/26/2020 12:00:00 AM;14636;
8/25/2020 12:00:00 AM;14632;
8/24/2020 12:00:00 AM;14794;
8/19/2020 12:00:00 AM;14786;
8/18/2020 12:00:00 AM;14907;
8/14/2020 12:00:00 AM;14917;
8/13/2020 12:00:00 AM;14877;
8/12/2020 12:00:00 AM;14777;
8/11/2020 12:00:00 AM;14728;
8/10/2020 12:00:00 AM;14750;
8/7/2020 12:00:00 AM;14647;
8/6/2020 12:00:00 AM;14587;
8/5/2020 12:00:00 AM;14623;
8/4/2020 12:00:00 AM;14697;
8/3/2020 12:00:00 AM;14713;
7/30/2020 12:00:00 AM;14653;
7/29/2020 12:00:00 AM;14570;
7/28/2020 12:00:00 AM;14543;
7/27/2020 12:00:00 AM;14605;
7/24/2020 12:00:00 AM;14614;
7/23/2020 12:00:00 AM;14669;
7/22/2020 12:00:00 AM;14655;
7/21/2020 12:00:00 AM;14813;
7/20/2020 12:00:00 AM;14832;
7/17/2020 12:00:00 AM;14780;
7/16/2020 12:00:00 AM;14632;
7/15/2020 12:00:00 AM;14616;
7/14/2020 12:00:00 AM;14512;
7/13/2020 12:00:00 AM;14486;
7/10/2020 12:00:00 AM;14501;
7/9/2020 12:00:00 AM;14446;
7/8/2020 12:00:00 AM;14460;
7/7/2020 12:00:00 AM;14456;
7/6/2020 12:00:00 AM;14547;
7/3/2020 12:00:00 AM;14566;
7/2/2020 12:00:00 AM;14516;
7/1/2020 12:00:00 AM;14341;
6/30/2020 12:00:00 AM;14302;
6/29/2020 12:00:00 AM;14369;
6/26/2020 12:00:00 AM;14239;
6/25/2020 12:00:00 AM;14231;
6/24/2020 12:00:00 AM;14160;
6/23/2020 12:00:00 AM;14265;
6/22/2020 12:00:00 AM;14209;
6/19/2020 12:00:00 AM;14242;
6/18/2020 12:00:00 AM;14186;
6/17/2020 12:00:00 AM;14234;
6/16/2020 12:00:00 AM;14155;
6/15/2020 12:00:00 AM;14228;
6/12/2020 12:00:00 AM;14257;
6/11/2020 12:00:00 AM;14014;
6/10/2020 12:00:00 AM;14083;
6/9/2020 12:00:00 AM;13973;
6/8/2020 12:00:00 AM;13956;
6/5/2020 12:00:00 AM;14100;
6/4/2020 12:00:00 AM;14165;
6/3/2020 12:00:00 AM;14245;
6/2/2020 12:00:00 AM;14502;
5/29/2020 12:00:00 AM;14733;
5/28/2020 12:00:00 AM;14769;
5/27/2020 12:00:00 AM;14761;
5/26/2020 12:00:00 AM;14774;
5/20/2020 12:00:00 AM;14785;
5/19/2020 12:00:00 AM;14823;
5/18/2020 12:00:00 AM;14885;
5/15/2020 12:00:00 AM;14909;
5/14/2020 12:00:00 AM;14946;
5/13/2020 12:00:00 AM;14887;
5/12/2020 12:00:00 AM;14978;
5/11/2020 12:00:00 AM;14936;
5/8/2020 12:00:00 AM;15009;
5/6/2020 12:00:00 AM;15127;
5/5/2020 12:00:00 AM;15104;
5/4/2020 12:00:00 AM;15073;
4/30/2020 12:00:00 AM;15157;
4/29/2020 12:00:00 AM;15415;
4/28/2020 12:00:00 AM;15488;
4/27/2020 12:00:00 AM;15591;
4/24/2020 12:00:00 AM;15553;
4/23/2020 12:00:00 AM;15630;
4/22/2020 12:00:00 AM;15567;
4/21/2020 12:00:00 AM;15643;
4/20/2020 12:00:00 AM;15543;
4/17/2020 12:00:00 AM;15503;
4/16/2020 12:00:00 AM;15787;
4/15/2020 12:00:00 AM;15707;
4/14/2020 12:00:00 AM;15722;
4/13/2020 12:00:00 AM;15840;
4/9/2020 12:00:00 AM;16241;
4/8/2020 12:00:00 AM;16245;
4/7/2020 12:00:00 AM;16410;
4/6/2020 12:00:00 AM;16556;
4/3/2020 12:00:00 AM;16464;
4/2/2020 12:00:00 AM;16741;
4/1/2020 12:00:00 AM;16413;
3/31/2020 12:00:00 AM;16367;
3/30/2020 12:00:00 AM;16336;
3/27/2020 12:00:00 AM;16230;
3/26/2020 12:00:00 AM;16328;
3/24/2020 12:00:00 AM;16486;
3/23/2020 12:00:00 AM;16608;
3/20/2020 12:00:00 AM;16273;
3/19/2020 12:00:00 AM;15712;
3/18/2020 12:00:00 AM;15223;
3/17/2020 12:00:00 AM;15083;
3/16/2020 12:00:00 AM;14818;
3/13/2020 12:00:00 AM;14815;
3/12/2020 12:00:00 AM;14490;
3/11/2020 12:00:00 AM;14323;
3/10/2020 12:00:00 AM;14411;
3/9/2020 12:00:00 AM;14342;
3/6/2020 12:00:00 AM;14267;
3/5/2020 12:00:00 AM;14168;
3/4/2020 12:00:00 AM;14171;
3/3/2020 12:00:00 AM;14222;
3/2/2020 12:00:00 AM;14413;
2/28/2020 12:00:00 AM;14234;
2/27/2020 12:00:00 AM;14018;
2/26/2020 12:00:00 AM;13966;
2/25/2020 12:00:00 AM;13893;
2/24/2020 12:00:00 AM;13863;
2/21/2020 12:00:00 AM;13777;
2/20/2020 12:00:00 AM;13735;
2/19/2020 12:00:00 AM;13717;
2/18/2020 12:00:00 AM;13676;
2/17/2020 12:00:00 AM;13693;
2/14/2020 12:00:00 AM;13707;
2/13/2020 12:00:00 AM;13679;
2/12/2020 12:00:00 AM;13659;
2/11/2020 12:00:00 AM;13686;
2/10/2020 12:00:00 AM;13708;
2/7/2020 12:00:00 AM;13647;
2/6/2020 12:00:00 AM;13662;
2/5/2020 12:00:00 AM;13717;
2/4/2020 12:00:00 AM;13760;
2/3/2020 12:00:00 AM;13726;
1/31/2020 12:00:00 AM;13662;
1/30/2020 12:00:00 AM;13652;
1/29/2020 12:00:00 AM;13634;
1/28/2020 12:00:00 AM;13647;
1/27/2020 12:00:00 AM;13612;
1/24/2020 12:00:00 AM;13632;
1/23/2020 12:00:00 AM;13626;
1/22/2020 12:00:00 AM;13678;
1/21/2020 12:00:00 AM;13658;
1/20/2020 12:00:00 AM;13654;
1/17/2020 12:00:00 AM;13648;
1/16/2020 12:00:00 AM;13658;
1/15/2020 12:00:00 AM;13706;
1/14/2020 12:00:00 AM;13654;
1/13/2020 12:00:00 AM;13708;
1/10/2020 12:00:00 AM;13812;
1/9/2020 12:00:00 AM;13860;
1/8/2020 12:00:00 AM;13934;
1/7/2020 12:00:00 AM;13919;
1/6/2020 12:00:00 AM;13961;
1/3/2020 12:00:00 AM;13899;
1/2/2020 12:00:00 AM;13895;
12/31/2019 12:00:00 AM;13901;
12/30/2019 12:00:00 AM;13945;
12/27/2019 12:00:00 AM;13956;
12/26/2019 12:00:00 AM;13982;
12/23/2019 12:00:00 AM;13978;
12/20/2019 12:00:00 AM;13993;
12/19/2019 12:00:00 AM;13983;
12/18/2019 12:00:00 AM;14007;
12/17/2019 12:00:00 AM;14018;
12/16/2019 12:00:00 AM;14004;
12/13/2019 12:00:00 AM;13982;
12/12/2019 12:00:00 AM;14042;
12/11/2019 12:00:00 AM;14025;
12/10/2019 12:00:00 AM;14004;
12/9/2019 12:00:00 AM;14021;
12/6/2019 12:00:00 AM;14037;
12/5/2019 12:00:00 AM;14094;
12/4/2019 12:00:00 AM;14125;
12/3/2019 12:00:00 AM;14130;
12/2/2019 12:00:00 AM;14122;
11/29/2019 12:00:00 AM;14102;
11/28/2019 12:00:00 AM;14099;
11/27/2019 12:00:00 AM;14096;
11/26/2019 12:00:00 AM;14081;
11/25/2019 12:00:00 AM;14091;
11/22/2019 12:00:00 AM;14100;
11/21/2019 12:00:00 AM;14112;
11/20/2019 12:00:00 AM;14097;
11/19/2019 12:00:00 AM;14091;
11/18/2019 12:00:00 AM;14075;
11/15/2019 12:00:00 AM;14069;
11/14/2019 12:00:00 AM;14098;
11/13/2019 12:00:00 AM;14082;
11/12/2019 12:00:00 AM;14059;
11/11/2019 12:00:00 AM;14040;
11/8/2019 12:00:00 AM;14020;
11/7/2019 12:00:00 AM;14040;
11/6/2019 12:00:00 AM;13992;
11/5/2019 12:00:00 AM;14031;
11/4/2019 12:00:00 AM;14002;
11/1/2019 12:00:00 AM;14066;
10/31/2019 12:00:00 AM;14008;
10/30/2019 12:00:00 AM;14044;
10/29/2019 12:00:00 AM;14028;
10/28/2019 12:00:00 AM;14023;
10/25/2019 12:00:00 AM;14064;
10/24/2019 12:00:00 AM;13996;
10/23/2019 12:00:00 AM;14051;
10/22/2019 12:00:00 AM;14058;
10/21/2019 12:00:00 AM;14132;
10/18/2019 12:00:00 AM;14140;
10/17/2019 12:00:00 AM;14172;
10/16/2019 12:00:00 AM;14187;
10/15/2019 12:00:00 AM;14140;
10/14/2019 12:00:00 AM;14126;
10/11/2019 12:00:00 AM;14139;
10/10/2019 12:00:00 AM;14157;
10/9/2019 12:00:00 AM;14182;
10/8/2019 12:00:00 AM;14170;
10/7/2019 12:00:00 AM;14156;
10/4/2019 12:00:00 AM;14135;
10/3/2019 12:00:00 AM;14193;
10/2/2019 12:00:00 AM;14207;
10/1/2019 12:00:00 AM;14196;
9/30/2019 12:00:00 AM;14174;
9/27/2019 12:00:00 AM;14197;
9/26/2019 12:00:00 AM;14162;
9/25/2019 12:00:00 AM;14134;
9/24/2019 12:00:00 AM;14099;
9/23/2019 12:00:00 AM;14077;
9/20/2019 12:00:00 AM;14085;
9/19/2019 12:00:00 AM;14099;
9/18/2019 12:00:00 AM;14080;
9/17/2019 12:00:00 AM;14100;
9/16/2019 12:00:00 AM;14020;
9/13/2019 12:00:00 AM;13950;
9/12/2019 12:00:00 AM;14052;
9/11/2019 12:00:00 AM;14063;
9/10/2019 12:00:00 AM;14031;
9/9/2019 12:00:00 AM;14092;
9/6/2019 12:00:00 AM;14140;
9/5/2019 12:00:00 AM;14153;
9/4/2019 12:00:00 AM;14218;
9/3/2019 12:00:00 AM;14217;
9/2/2019 12:00:00 AM;14190;
8/30/2019 12:00:00 AM;14237;
8/29/2019 12:00:00 AM;14254;
8/28/2019 12:00:00 AM;14263;
8/27/2019 12:00:00 AM;14235;
8/26/2019 12:00:00 AM;14261;
8/23/2019 12:00:00 AM;14249;
8/22/2019 12:00:00 AM;14234;
8/21/2019 12:00:00 AM;14259;
8/20/2019 12:00:00 AM;14262;
8/19/2019 12:00:00 AM;14203;
8/16/2019 12:00:00 AM;14258;
8/15/2019 12:00:00 AM;14296;
8/14/2019 12:00:00 AM;14234;
8/13/2019 12:00:00 AM;14283;
8/12/2019 12:00:00 AM;14220;
8/9/2019 12:00:00 AM;14195;
8/8/2019 12:00:00 AM;14231;
8/7/2019 12:00:00 AM;14275;
8/6/2019 12:00:00 AM;14344;
8/5/2019 12:00:00 AM;14231;
8/2/2019 12:00:00 AM;14203;
8/1/2019 12:00:00 AM;14098;
7/31/2019 12:00:00 AM;14026;
7/30/2019 12:00:00 AM;14034;
7/29/2019 12:00:00 AM;14010;
7/26/2019 12:00:00 AM;14001;
7/25/2019 12:00:00 AM;13986;
7/24/2019 12:00:00 AM;14011;
7/23/2019 12:00:00 AM;13973;
7/22/2019 12:00:00 AM;13963;
7/19/2019 12:00:00 AM;13913;
7/18/2019 12:00:00 AM;13976;
7/17/2019 12:00:00 AM;13949;
7/16/2019 12:00:00 AM;13925;
7/15/2019 12:00:00 AM;13970;
7/12/2019 12:00:00 AM;14085;
7/11/2019 12:00:00 AM;14089;
7/10/2019 12:00:00 AM;14152;
7/9/2019 12:00:00 AM;14129;
7/8/2019 12:00:00 AM;14147;
7/5/2019 12:00:00 AM;14148;
7/4/2019 12:00:00 AM;14106;
7/3/2019 12:00:00 AM;14160;
7/2/2019 12:00:00 AM;14140;
7/1/2019 12:00:00 AM;14117;
6/28/2019 12:00:00 AM;14141;
6/27/2019 12:00:00 AM;14180;
6/26/2019 12:00:00 AM;14174;
6/25/2019 12:00:00 AM;14138;
6/24/2019 12:00:00 AM;14165;
6/21/2019 12:00:00 AM;14116;
6/20/2019 12:00:00 AM;14236;
6/19/2019 12:00:00 AM;14271;
6/18/2019 12:00:00 AM;14334;
6/17/2019 12:00:00 AM;14346;
6/14/2019 12:00:00 AM;14304;
6/13/2019 12:00:00 AM;14270;
6/12/2019 12:00:00 AM;14234;
6/11/2019 12:00:00 AM;14258;
6/10/2019 12:00:00 AM;14231;
5/31/2019 12:00:00 AM;14385;
5/29/2019 12:00:00 AM;14417;
5/28/2019 12:00:00 AM;14380;
5/27/2019 12:00:00 AM;14360;
5/24/2019 12:00:00 AM;14451;
5/23/2019 12:00:00 AM;14513;
5/22/2019 12:00:00 AM;14488;
5/21/2019 12:00:00 AM;14462;
5/20/2019 12:00:00 AM;14478;
5/17/2019 12:00:00 AM;14469;
5/16/2019 12:00:00 AM;14458;
5/15/2019 12:00:00 AM;14448;
5/14/2019 12:00:00 AM;14444;
5/13/2019 12:00:00 AM;14362;
5/10/2019 12:00:00 AM;14347;
5/9/2019 12:00:00 AM;14338;
5/8/2019 12:00:00 AM;14305;
5/7/2019 12:00:00 AM;14309;
5/6/2019 12:00:00 AM;14308;
5/3/2019 12:00:00 AM;14282;
5/2/2019 12:00:00 AM;14245;
4/30/2019 12:00:00 AM;14215;
4/29/2019 12:00:00 AM;14188;
4/26/2019 12:00:00 AM;14188;
4/25/2019 12:00:00 AM;14154;
4/24/2019 12:00:00 AM;14112;
4/23/2019 12:00:00 AM;14080;
4/22/2019 12:00:00 AM;14056;
4/18/2019 12:00:00 AM;14016;
4/16/2019 12:00:00 AM;14066;
4/15/2019 12:00:00 AM;14067;
4/12/2019 12:00:00 AM;14153;
4/11/2019 12:00:00 AM;14156;
4/10/2019 12:00:00 AM;14155;
4/9/2019 12:00:00 AM;14150;
4/8/2019 12:00:00 AM;14145;
4/5/2019 12:00:00 AM;14158;
4/4/2019 12:00:00 AM;14182;
4/2/2019 12:00:00 AM;14237;
4/1/2019 12:00:00 AM;14231;
3/29/2019 12:00:00 AM;14244;
3/28/2019 12:00:00 AM;14255;
3/27/2019 12:00:00 AM;14202;
3/26/2019 12:00:00 AM;14171;
3/25/2019 12:00:00 AM;14223;
3/22/2019 12:00:00 AM;14157;
3/21/2019 12:00:00 AM;14102;
3/20/2019 12:00:00 AM;14231;
3/19/2019 12:00:00 AM;14228;
3/18/2019 12:00:00 AM;14242;
3/15/2019 12:00:00 AM;14310;
3/14/2019 12:00:00 AM;14253;
3/13/2019 12:00:00 AM;14269;
3/12/2019 12:00:00 AM;14251;
3/11/2019 12:00:00 AM;14324;
3/8/2019 12:00:00 AM;14223;
3/6/2019 12:00:00 AM;14129;
3/5/2019 12:00:00 AM;14146;
3/4/2019 12:00:00 AM;14149;
3/1/2019 12:00:00 AM;14111;
2/28/2019 12:00:00 AM;14062;
2/27/2019 12:00:00 AM;14004;
2/26/2019 12:00:00 AM;13990;
2/25/2019 12:00:00 AM;14007;
2/22/2019 12:00:00 AM;14079;
2/21/2019 12:00:00 AM;14057;
2/20/2019 12:00:00 AM;14055;
2/19/2019 12:00:00 AM;14119;
2/18/2019 12:00:00 AM;14106;
2/15/2019 12:00:00 AM;14116;
2/14/2019 12:00:00 AM;14093;
2/13/2019 12:00:00 AM;14027;
2/12/2019 12:00:00 AM;14088;
2/11/2019 12:00:00 AM;13995;
2/8/2019 12:00:00 AM;13992;
2/7/2019 12:00:00 AM;13978;
2/6/2019 12:00:00 AM;13947;
2/4/2019 12:00:00 AM;13976;
2/1/2019 12:00:00 AM;13978;
1/31/2019 12:00:00 AM;14072;
1/30/2019 12:00:00 AM;14112;
1/29/2019 12:00:00 AM;14098;
1/28/2019 12:00:00 AM;14038;
1/25/2019 12:00:00 AM;14163;
1/24/2019 12:00:00 AM;14141;
1/23/2019 12:00:00 AM;14188;
1/22/2019 12:00:00 AM;14221;
1/21/2019 12:00:00 AM;14212;
1/18/2019 12:00:00 AM;14182;
1/17/2019 12:00:00 AM;14158;
1/16/2019 12:00:00 AM;14154;
1/15/2019 12:00:00 AM;14084;
1/14/2019 12:00:00 AM;14052;
1/11/2019 12:00:00 AM;14076;
1/10/2019 12:00:00 AM;14093;
1/9/2019 12:00:00 AM;14120;
1/8/2019 12:00:00 AM;14031;
1/7/2019 12:00:00 AM;14105;
1/4/2019 12:00:00 AM;14350;
1/3/2019 12:00:00 AM;14474;
1/2/2019 12:00:00 AM;14465;
12/31/2018 12:00:00 AM;14481;
12/28/2018 12:00:00 AM;14542;
12/27/2018 12:00:00 AM;14563;
12/26/2018 12:00:00 AM;14602;
12/21/2018 12:00:00 AM;14480;
12/20/2018 12:00:00 AM;14499;
12/19/2018 12:00:00 AM;14380;
12/18/2018 12:00:00 AM;14523;
12/17/2018 12:00:00 AM;14617;
12/14/2018 12:00:00 AM;14538;
12/13/2018 12:00:00 AM;14536;
12/12/2018 12:00:00 AM;14577;
12/11/2018 12:00:00 AM;14613;
12/10/2018 12:00:00 AM;14517;
12/7/2018 12:00:00 AM;14539;
12/6/2018 12:00:00 AM;14507;
12/5/2018 12:00:00 AM;14383;
12/4/2018 12:00:00 AM;14293;
12/3/2018 12:00:00 AM;14252;
11/30/2018 12:00:00 AM;14339;
11/29/2018 12:00:00 AM;14408;
11/28/2018 12:00:00 AM;14535;
11/27/2018 12:00:00 AM;14504;
11/26/2018 12:00:00 AM;14551;
11/23/2018 12:00:00 AM;14552;
11/22/2018 12:00:00 AM;14592;
11/21/2018 12:00:00 AM;14618;
11/19/2018 12:00:00 AM;14586;
11/16/2018 12:00:00 AM;14594;
11/15/2018 12:00:00 AM;14764;
11/14/2018 12:00:00 AM;14755;
11/13/2018 12:00:00 AM;14895;
11/12/2018 12:00:00 AM;14747;
11/9/2018 12:00:00 AM;14632;
11/8/2018 12:00:00 AM;14651;
11/7/2018 12:00:00 AM;14764;
11/6/2018 12:00:00 AM;14891;
11/5/2018 12:00:00 AM;14972;
11/2/2018 12:00:00 AM;15089;
11/1/2018 12:00:00 AM;15195;
10/31/2018 12:00:00 AM;15227;
10/30/2018 12:00:00 AM;15237;
10/29/2018 12:00:00 AM;15218;
10/26/2018 12:00:00 AM;15207;
10/25/2018 12:00:00 AM;15210;
10/24/2018 12:00:00 AM;15193;
10/23/2018 12:00:00 AM;15208;
10/22/2018 12:00:00 AM;15192;
10/19/2018 12:00:00 AM;15221;
10/18/2018 12:00:00 AM;15187;
10/17/2018 12:00:00 AM;15178;
10/16/2018 12:00:00 AM;15206;
10/15/2018 12:00:00 AM;15246;
10/12/2018 12:00:00 AM;15194;
10/11/2018 12:00:00 AM;15253;
10/10/2018 12:00:00 AM;15215;
10/9/2018 12:00:00 AM;15233;
10/8/2018 12:00:00 AM;15193;
10/5/2018 12:00:00 AM;15182;
10/4/2018 12:00:00 AM;15133;
10/3/2018 12:00:00 AM;15088;
10/2/2018 12:00:00 AM;14988;
10/1/2018 12:00:00 AM;14905;
9/28/2018 12:00:00 AM;14929;
9/27/2018 12:00:00 AM;14919;
9/26/2018 12:00:00 AM;14938;
9/25/2018 12:00:00 AM;14893;
9/24/2018 12:00:00 AM;14865;
9/21/2018 12:00:00 AM;14824;
9/20/2018 12:00:00 AM;14839;
9/19/2018 12:00:00 AM;14896;
9/18/2018 12:00:00 AM;14908;
9/17/2018 12:00:00 AM;14859;
9/14/2018 12:00:00 AM;14835;
9/13/2018 12:00:00 AM;14794;
9/12/2018 12:00:00 AM;14863;
9/10/2018 12:00:00 AM;14835;
9/7/2018 12:00:00 AM;14884;
9/6/2018 12:00:00 AM;14891;
9/5/2018 12:00:00 AM;14927;
9/4/2018 12:00:00 AM;14840;
9/3/2018 12:00:00 AM;14767;
8/31/2018 12:00:00 AM;14711;
8/30/2018 12:00:00 AM;14655;
8/29/2018 12:00:00 AM;14643;
8/28/2018 12:00:00 AM;14614;
8/27/2018 12:00:00 AM;14610;
8/24/2018 12:00:00 AM;14655;
8/23/2018 12:00:00 AM;14620;
8/21/2018 12:00:00 AM;14568;
8/20/2018 12:00:00 AM;14578;
8/16/2018 12:00:00 AM;14619;
8/15/2018 12:00:00 AM;14621;
8/14/2018 12:00:00 AM;14625;
8/13/2018 12:00:00 AM;14583;
8/10/2018 12:00:00 AM;14437;
8/9/2018 12:00:00 AM;14422;
8/8/2018 12:00:00 AM;14439;
8/7/2018 12:00:00 AM;14485;
8/6/2018 12:00:00 AM;14481;
8/3/2018 12:00:00 AM;14503;
8/2/2018 12:00:00 AM;14446;
8/1/2018 12:00:00 AM;14442;
7/31/2018 12:00:00 AM;14413;
7/30/2018 12:00:00 AM;14409;
7/27/2018 12:00:00 AM;14483;
7/26/2018 12:00:00 AM;14443;
7/25/2018 12:00:00 AM;14515;
7/24/2018 12:00:00 AM;14541;
7/23/2018 12:00:00 AM;14454;
7/20/2018 12:00:00 AM;14520;
7/19/2018 12:00:00 AM;14418;
7/18/2018 12:00:00 AM;14406;
7/17/2018 12:00:00 AM;14391;
7/16/2018 12:00:00 AM;14396;
7/13/2018 12:00:00 AM;14358;
7/12/2018 12:00:00 AM;14435;
7/11/2018 12:00:00 AM;14391;
7/10/2018 12:00:00 AM;14326;
7/9/2018 12:00:00 AM;14332;
7/6/2018 12:00:00 AM;14409;
7/5/2018 12:00:00 AM;14387;
7/4/2018 12:00:00 AM;14343;
7/3/2018 12:00:00 AM;14418;
7/2/2018 12:00:00 AM;14331;
6/29/2018 12:00:00 AM;14404;
6/28/2018 12:00:00 AM;14271;
6/26/2018 12:00:00 AM;14163;
6/25/2018 12:00:00 AM;14105;
6/22/2018 12:00:00 AM;14102;
6/21/2018 12:00:00 AM;14090;
6/8/2018 12:00:00 AM;13902;
6/7/2018 12:00:00 AM;13868;
6/6/2018 12:00:00 AM;13875;
6/5/2018 12:00:00 AM;13887;
6/4/2018 12:00:00 AM;13872;
5/31/2018 12:00:00 AM;13951;
5/30/2018 12:00:00 AM;14032;
5/28/2018 12:00:00 AM;14065;
5/25/2018 12:00:00 AM;14166;
5/24/2018 12:00:00 AM;14205;
5/23/2018 12:00:00 AM;14192;
5/22/2018 12:00:00 AM;14178;
5/21/2018 12:00:00 AM;14176;
5/18/2018 12:00:00 AM;14107;
5/17/2018 12:00:00 AM;14074;
5/16/2018 12:00:00 AM;14094;
5/15/2018 12:00:00 AM;14020;
5/14/2018 12:00:00 AM;13976;
5/11/2018 12:00:00 AM;14048;
5/9/2018 12:00:00 AM;14074;
5/8/2018 12:00:00 AM;14036;
5/7/2018 12:00:00 AM;13956;
5/4/2018 12:00:00 AM;13943;
5/3/2018 12:00:00 AM;13965;
5/2/2018 12:00:00 AM;13936;
4/30/2018 12:00:00 AM;13877;
4/27/2018 12:00:00 AM;13879;
4/26/2018 12:00:00 AM;13930;
4/25/2018 12:00:00 AM;13888;
4/24/2018 12:00:00 AM;13900;
4/23/2018 12:00:00 AM;13894;
4/20/2018 12:00:00 AM;13804;
4/19/2018 12:00:00 AM;13778;
4/18/2018 12:00:00 AM;13770;
4/17/2018 12:00:00 AM;13770;
4/16/2018 12:00:00 AM;13766;
4/13/2018 12:00:00 AM;13753;
4/12/2018 12:00:00 AM;13763;
4/11/2018 12:00:00 AM;13747;
4/10/2018 12:00:00 AM;13759;
4/9/2018 12:00:00 AM;13771;
4/6/2018 12:00:00 AM;13771;
4/5/2018 12:00:00 AM;13767;
4/4/2018 12:00:00 AM;13760;
4/3/2018 12:00:00 AM;13765;
4/2/2018 12:00:00 AM;13750;
3/29/2018 12:00:00 AM;13756;
3/28/2018 12:00:00 AM;13745;
3/27/2018 12:00:00 AM;13708;
3/26/2018 12:00:00 AM;13776;
3/23/2018 12:00:00 AM;13780;
3/22/2018 12:00:00 AM;13737;
3/21/2018 12:00:00 AM;13759;
3/20/2018 12:00:00 AM;13761;
3/19/2018 12:00:00 AM;13765;
3/16/2018 12:00:00 AM;13765;
3/15/2018 12:00:00 AM;13748;
3/14/2018 12:00:00 AM;13739;
3/13/2018 12:00:00 AM;13757;
3/12/2018 12:00:00 AM;13768;
3/9/2018 12:00:00 AM;13794;
3/8/2018 12:00:00 AM;13774;
3/7/2018 12:00:00 AM;13763;
3/6/2018 12:00:00 AM;13750;
3/5/2018 12:00:00 AM;13740;
3/2/2018 12:00:00 AM;13746;
3/1/2018 12:00:00 AM;13793;
2/28/2018 12:00:00 AM;13707;
2/27/2018 12:00:00 AM;13650;
2/26/2018 12:00:00 AM;13659;
2/23/2018 12:00:00 AM;13670;
2/22/2018 12:00:00 AM;13665;
2/21/2018 12:00:00 AM;13582;
2/20/2018 12:00:00 AM;13573;
2/19/2018 12:00:00 AM;13541;
2/15/2018 12:00:00 AM;13570;
2/14/2018 12:00:00 AM;13657;
2/13/2018 12:00:00 AM;13644;
2/12/2018 12:00:00 AM;13609;
2/9/2018 12:00:00 AM;13643;
2/8/2018 12:00:00 AM;13602;
2/7/2018 12:00:00 AM;13533;
2/6/2018 12:00:00 AM;13578;
2/5/2018 12:00:00 AM;13498;
2/2/2018 12:00:00 AM;13428;
2/1/2018 12:00:00 AM;13402;
1/31/2018 12:00:00 AM;13413;
1/30/2018 12:00:00 AM;13398;
1/29/2018 12:00:00 AM;13327;
1/26/2018 12:00:00 AM;13303;
1/25/2018 12:00:00 AM;13290;
1/24/2018 12:00:00 AM;13321;
1/23/2018 12:00:00 AM;13318;
1/22/2018 12:00:00 AM;13334;
1/19/2018 12:00:00 AM;13331;
1/18/2018 12:00:00 AM;13365;
1/17/2018 12:00:00 AM;13323;
1/16/2018 12:00:00 AM;13333;
1/15/2018 12:00:00 AM;13330;
1/12/2018 12:00:00 AM;13362;
1/11/2018 12:00:00 AM;13427;
1/10/2018 12:00:00 AM;13449;
1/9/2018 12:00:00 AM;13428;
1/8/2018 12:00:00 AM;13397;
1/5/2018 12:00:00 AM;13405;
1/4/2018 12:00:00 AM;13474;
1/3/2018 12:00:00 AM;13498;
1/2/2018 12:00:00 AM;13542;
12/29/2017 12:00:00 AM;13548;
12/28/2017 12:00:00 AM;13560;
12/27/2017 12:00:00 AM;13562;
12/22/2017 12:00:00 AM;13558;
12/21/2017 12:00:00 AM;13545;
12/20/2017 12:00:00 AM;13579;
12/19/2017 12:00:00 AM;13587;
12/18/2017 12:00:00 AM;13584;
12/15/2017 12:00:00 AM;13573;
12/14/2017 12:00:00 AM;13565;
12/13/2017 12:00:00 AM;13589;
12/12/2017 12:00:00 AM;13550;
12/11/2017 12:00:00 AM;13546;
12/8/2017 12:00:00 AM;13556;
12/7/2017 12:00:00 AM;13552;
12/6/2017 12:00:00 AM;13524;
12/5/2017 12:00:00 AM;13515;
12/4/2017 12:00:00 AM;13527;
11/30/2017 12:00:00 AM;13514;
11/29/2017 12:00:00 AM;13515;
11/28/2017 12:00:00 AM;13527;
11/27/2017 12:00:00 AM;13511;
11/24/2017 12:00:00 AM;13506;
11/23/2017 12:00:00 AM;13503;
11/22/2017 12:00:00 AM;13523;
11/21/2017 12:00:00 AM;13544;
11/20/2017 12:00:00 AM;13529;
11/17/2017 12:00:00 AM;13517;
11/16/2017 12:00:00 AM;13538;
11/15/2017 12:00:00 AM;13539;
11/14/2017 12:00:00 AM;13542;
11/13/2017 12:00:00 AM;13555;
11/10/2017 12:00:00 AM;13514;
11/9/2017 12:00:00 AM;13514;
11/8/2017 12:00:00 AM;13524;
11/7/2017 12:00:00 AM;13504;
11/6/2017 12:00:00 AM;13529;
11/3/2017 12:00:00 AM;13500;
11/2/2017 12:00:00 AM;13562;
11/1/2017 12:00:00 AM;13592;
10/31/2017 12:00:00 AM;13572;
10/30/2017 12:00:00 AM;13580;
10/27/2017 12:00:00 AM;13630;
10/26/2017 12:00:00 AM;13560;
10/25/2017 12:00:00 AM;13570;
10/24/2017 12:00:00 AM;13529;
10/23/2017 12:00:00 AM;13535;
10/20/2017 12:00:00 AM;13517;
10/19/2017 12:00:00 AM;13521;
10/18/2017 12:00:00 AM;13514;
10/17/2017 12:00:00 AM;13490;
10/16/2017 12:00:00 AM;13483;
10/13/2017 12:00:00 AM;13508;
10/12/2017 12:00:00 AM;13521;
10/11/2017 12:00:00 AM;13509;
10/10/2017 12:00:00 AM;13491;
10/9/2017 12:00:00 AM;13504;
10/6/2017 12:00:00 AM;13485;
10/5/2017 12:00:00 AM;13483;
10/4/2017 12:00:00 AM;13489;
10/3/2017 12:00:00 AM;13582;
10/2/2017 12:00:00 AM;13499;
9/29/2017 12:00:00 AM;13492;
9/28/2017 12:00:00 AM;13464;
9/27/2017 12:00:00 AM;13384;
9/26/2017 12:00:00 AM;13348;
9/25/2017 12:00:00 AM;13305;
9/22/2017 12:00:00 AM;13325;
9/20/2017 12:00:00 AM;13270;
9/19/2017 12:00:00 AM;13258;
9/18/2017 12:00:00 AM;13238;
9/15/2017 12:00:00 AM;13261;
9/14/2017 12:00:00 AM;13239;
9/13/2017 12:00:00 AM;13209;
9/12/2017 12:00:00 AM;13186;
9/11/2017 12:00:00 AM;13154;
9/8/2017 12:00:00 AM;13284;
9/7/2017 12:00:00 AM;13331;
9/6/2017 12:00:00 AM;13337;
9/5/2017 12:00:00 AM;13336;
9/4/2017 12:00:00 AM;13345;
8/31/2017 12:00:00 AM;13351;
8/30/2017 12:00:00 AM;13343;
8/29/2017 12:00:00 AM;13348;
8/28/2017 12:00:00 AM;13338;
8/25/2017 12:00:00 AM;13348;
8/24/2017 12:00:00 AM;13354;
8/23/2017 12:00:00 AM;13342;
8/22/2017 12:00:00 AM;13338;
8/21/2017 12:00:00 AM;13355;
8/18/2017 12:00:00 AM;13368;
8/16/2017 12:00:00 AM;13374;
8/15/2017 12:00:00 AM;13344;
8/14/2017 12:00:00 AM;13344;
8/11/2017 12:00:00 AM;13370;
8/10/2017 12:00:00 AM;13338;
8/9/2017 12:00:00 AM;13324;
8/8/2017 12:00:00 AM;13319;
8/7/2017 12:00:00 AM;13319;
8/4/2017 12:00:00 AM;13324;
8/3/2017 12:00:00 AM;13330;
8/2/2017 12:00:00 AM;13331;
8/1/2017 12:00:00 AM;13318;
7/31/2017 12:00:00 AM;13323;
7/28/2017 12:00:00 AM;13326;
7/27/2017 12:00:00 AM;13315;
7/26/2017 12:00:00 AM;13334;
7/25/2017 12:00:00 AM;13320;
7/24/2017 12:00:00 AM;13319;
7/21/2017 12:00:00 AM;13323;
7/20/2017 12:00:00 AM;13320;
7/19/2017 12:00:00 AM;13304;
7/18/2017 12:00:00 AM;13314;
7/17/2017 12:00:00 AM;13313;
7/14/2017 12:00:00 AM;13347;
7/13/2017 12:00:00 AM;13342;
7/12/2017 12:00:00 AM;13368;
7/11/2017 12:00:00 AM;13387;
7/10/2017 12:00:00 AM;13408;
7/7/2017 12:00:00 AM;13397;
7/6/2017 12:00:00 AM;13364;
7/5/2017 12:00:00 AM;13349;
7/4/2017 12:00:00 AM;13386;
7/3/2017 12:00:00 AM;13325;
6/22/2017 12:00:00 AM;13319;
6/21/2017 12:00:00 AM;13301;
6/20/2017 12:00:00 AM;13297;
6/19/2017 12:00:00 AM;13286;
6/16/2017 12:00:00 AM;13298;
6/15/2017 12:00:00 AM;13282;
6/14/2017 12:00:00 AM;13286;
6/13/2017 12:00:00 AM;13294;
6/12/2017 12:00:00 AM;13292;
6/9/2017 12:00:00 AM;13292;
6/8/2017 12:00:00 AM;13316;
6/7/2017 12:00:00 AM;13307;
6/6/2017 12:00:00 AM;13285;
6/5/2017 12:00:00 AM;13287;
6/2/2017 12:00:00 AM;13311;
5/31/2017 12:00:00 AM;13321;
5/30/2017 12:00:00 AM;13336;
5/29/2017 12:00:00 AM;13312;
5/26/2017 12:00:00 AM;13295;
5/24/2017 12:00:00 AM;13316;
5/23/2017 12:00:00 AM;13296;
5/22/2017 12:00:00 AM;13297;
5/19/2017 12:00:00 AM;13410;
5/18/2017 12:00:00 AM;13343;
5/17/2017 12:00:00 AM;13306;
5/16/2017 12:00:00 AM;13298;
5/15/2017 12:00:00 AM;13319;
5/12/2017 12:00:00 AM;13340;
5/10/2017 12:00:00 AM;13355;
5/9/2017 12:00:00 AM;13317;
5/8/2017 12:00:00 AM;13324;
5/5/2017 12:00:00 AM;13339;
5/4/2017 12:00:00 AM;13330;
5/3/2017 12:00:00 AM;13297;
5/2/2017 12:00:00 AM;13316;
4/28/2017 12:00:00 AM;13327;
4/27/2017 12:00:00 AM;13299;
4/26/2017 12:00:00 AM;13278;
4/25/2017 12:00:00 AM;13296;
4/21/2017 12:00:00 AM;13320;
4/20/2017 12:00:00 AM;13328;
4/18/2017 12:00:00 AM;13299;
4/17/2017 12:00:00 AM;13255;
4/13/2017 12:00:00 AM;13264;
4/12/2017 12:00:00 AM;13298;
4/11/2017 12:00:00 AM;13282;
4/10/2017 12:00:00 AM;13323;
4/7/2017 12:00:00 AM;13341;
4/6/2017 12:00:00 AM;13327;
4/5/2017 12:00:00 AM;13329;
4/4/2017 12:00:00 AM;13326;
4/3/2017 12:00:00 AM;13324;
3/31/2017 12:00:00 AM;13321;
3/30/2017 12:00:00 AM;13316;
3/29/2017 12:00:00 AM;13323;
3/27/2017 12:00:00 AM;13314;
3/24/2017 12:00:00 AM;13329;
3/23/2017 12:00:00 AM;13332;
3/22/2017 12:00:00 AM;13335;
3/21/2017 12:00:00 AM;13308;
3/20/2017 12:00:00 AM;13329;
3/17/2017 12:00:00 AM;13342;
3/16/2017 12:00:00 AM;13336;
3/15/2017 12:00:00 AM;13375;
3/14/2017 12:00:00 AM;13360;
3/13/2017 12:00:00 AM;13364;
3/10/2017 12:00:00 AM;13393;
3/9/2017 12:00:00 AM;13373;
3/8/2017 12:00:00 AM;13340;
3/7/2017 12:00:00 AM;13350;
3/6/2017 12:00:00 AM;13364;
3/3/2017 12:00:00 AM;13375;
3/2/2017 12:00:00 AM;13361;
3/1/2017 12:00:00 AM;13361;
2/28/2017 12:00:00 AM;13347;
2/27/2017 12:00:00 AM;13339;
2/24/2017 12:00:00 AM;13336;
2/23/2017 12:00:00 AM;13360;
2/22/2017 12:00:00 AM;13356;
2/21/2017 12:00:00 AM;13370;
2/20/2017 12:00:00 AM;13352;
2/17/2017 12:00:00 AM;13328;
2/16/2017 12:00:00 AM;13329;
2/14/2017 12:00:00 AM;13330;
2/13/2017 12:00:00 AM;13330;
2/10/2017 12:00:00 AM;13318;
2/9/2017 12:00:00 AM;13308;
2/8/2017 12:00:00 AM;13337;
2/7/2017 12:00:00 AM;13322;
2/6/2017 12:00:00 AM;13329;
2/3/2017 12:00:00 AM;13362;
2/2/2017 12:00:00 AM;13374;
2/1/2017 12:00:00 AM;13349;
1/31/2017 12:00:00 AM;13343;
1/30/2017 12:00:00 AM;13335;
1/27/2017 12:00:00 AM;13359;
1/26/2017 12:00:00 AM;13325;
1/25/2017 12:00:00 AM;13340;
1/24/2017 12:00:00 AM;13330;
1/23/2017 12:00:00 AM;13372;
1/20/2017 12:00:00 AM;13382;
1/19/2017 12:00:00 AM;13376;
1/18/2017 12:00:00 AM;13328;
1/17/2017 12:00:00 AM;13381;
1/16/2017 12:00:00 AM;13354;
1/13/2017 12:00:00 AM;13308;
1/12/2017 12:00:00 AM;13288;
1/11/2017 12:00:00 AM;13327;
1/10/2017 12:00:00 AM;13320;
1/9/2017 12:00:00 AM;13385;
1/6/2017 12:00:00 AM;13347;
1/5/2017 12:00:00 AM;13370;
1/4/2017 12:00:00 AM;13478;
1/3/2017 12:00:00 AM;13485;
12/30/2016 12:00:00 AM;13436;
12/29/2016 12:00:00 AM;13473;
12/28/2016 12:00:00 AM;13447;
12/27/2016 12:00:00 AM;13436;
12/23/2016 12:00:00 AM;13470;
12/22/2016 12:00:00 AM;13435;
12/21/2016 12:00:00 AM;13473;
12/20/2016 12:00:00 AM;13393;
12/19/2016 12:00:00 AM;13381;
12/16/2016 12:00:00 AM;13426;
12/15/2016 12:00:00 AM;13367;
12/14/2016 12:00:00 AM;13285;
12/13/2016 12:00:00 AM;13309;
12/9/2016 12:00:00 AM;13337;
12/8/2016 12:00:00 AM;13304;
12/7/2016 12:00:00 AM;13336;
12/6/2016 12:00:00 AM;13405;
12/5/2016 12:00:00 AM;13516;
12/2/2016 12:00:00 AM;13524;
12/1/2016 12:00:00 AM;13582;
11/30/2016 12:00:00 AM;13563;
11/29/2016 12:00:00 AM;13549;
11/28/2016 12:00:00 AM;13467;
11/25/2016 12:00:00 AM;13570;
11/24/2016 12:00:00 AM;13540;
11/23/2016 12:00:00 AM;13473;
11/22/2016 12:00:00 AM;13424;
11/21/2016 12:00:00 AM;13438;
11/18/2016 12:00:00 AM;13408;
11/17/2016 12:00:00 AM;13385;
11/16/2016 12:00:00 AM;13347;
11/15/2016 12:00:00 AM;13338;
11/14/2016 12:00:00 AM;13358;
11/11/2016 12:00:00 AM;13350;
11/10/2016 12:00:00 AM;13118;
11/9/2016 12:00:00 AM;13084;
11/8/2016 12:00:00 AM;13090;
11/7/2016 12:00:00 AM;13082;
11/4/2016 12:00:00 AM;13103;
11/3/2016 12:00:00 AM;13050;
11/2/2016 12:00:00 AM;13058;
11/1/2016 12:00:00 AM;13036;
10/31/2016 12:00:00 AM;13051;
10/28/2016 12:00:00 AM;13048;
10/27/2016 12:00:00 AM;13027;
10/26/2016 12:00:00 AM;12997;
10/25/2016 12:00:00 AM;13022;
10/24/2016 12:00:00 AM;13047;
10/21/2016 12:00:00 AM;13020;
10/20/2016 12:00:00 AM;12999;
10/19/2016 12:00:00 AM;13007;
10/18/2016 12:00:00 AM;13044;
10/17/2016 12:00:00 AM;13054;
10/14/2016 12:00:00 AM;13047;
10/13/2016 12:00:00 AM;13028;
10/12/2016 12:00:00 AM;13023;
10/11/2016 12:00:00 AM;12992;
10/10/2016 12:00:00 AM;12969;
10/7/2016 12:00:00 AM;13002;
10/6/2016 12:00:00 AM;12992;
10/5/2016 12:00:00 AM;12995;
10/4/2016 12:00:00 AM;12988;
10/3/2016 12:00:00 AM;13010;
9/30/2016 12:00:00 AM;12998;
9/29/2016 12:00:00 AM;12952;
9/28/2016 12:00:00 AM;12926;
9/27/2016 12:00:00 AM;13027;
9/26/2016 12:00:00 AM;13076;
9/23/2016 12:00:00 AM;13098;
9/22/2016 12:00:00 AM;13098;
9/21/2016 12:00:00 AM;13148;
9/20/2016 12:00:00 AM;13142;
9/19/2016 12:00:00 AM;13164;
9/16/2016 12:00:00 AM;13131;
9/15/2016 12:00:00 AM;13190;
9/14/2016 12:00:00 AM;13228;
9/13/2016 12:00:00 AM;13151;
9/9/2016 12:00:00 AM;13089;
9/8/2016 12:00:00 AM;13090;
9/7/2016 12:00:00 AM;13086;
9/6/2016 12:00:00 AM;13162;
9/5/2016 12:00:00 AM;13197;
9/2/2016 12:00:00 AM;13261;
9/1/2016 12:00:00 AM;13269;
8/31/2016 12:00:00 AM;13300;
8/30/2016 12:00:00 AM;13260;
8/29/2016 12:00:00 AM;13275;
8/26/2016 12:00:00 AM;13242;
8/25/2016 12:00:00 AM;13267;
8/24/2016 12:00:00 AM;13252;
8/23/2016 12:00:00 AM;13216;
8/22/2016 12:00:00 AM;13197;
8/19/2016 12:00:00 AM;13119;
8/18/2016 12:00:00 AM;13114;
8/16/2016 12:00:00 AM;13098;
8/15/2016 12:00:00 AM;13121;
8/12/2016 12:00:00 AM;13120;
8/11/2016 12:00:00 AM;13113;
8/10/2016 12:00:00 AM;13123;
8/9/2016 12:00:00 AM;13133;
8/8/2016 12:00:00 AM;13144;
8/5/2016 12:00:00 AM;13125;
8/4/2016 12:00:00 AM;13138;
8/3/2016 12:00:00 AM;13114;
8/2/2016 12:00:00 AM;13079;
8/1/2016 12:00:00 AM;13080;
7/29/2016 12:00:00 AM;13094;
7/28/2016 12:00:00 AM;13113;
7/27/2016 12:00:00 AM;13130;
7/26/2016 12:00:00 AM;13150;
7/25/2016 12:00:00 AM;13135;
7/22/2016 12:00:00 AM;13102;
7/21/2016 12:00:00 AM;13122;
7/20/2016 12:00:00 AM;13100;
7/19/2016 12:00:00 AM;13086;
7/18/2016 12:00:00 AM;13112;
7/15/2016 12:00:00 AM;13086;
7/14/2016 12:00:00 AM;13088;
7/13/2016 12:00:00 AM;13095;
7/12/2016 12:00:00 AM;13151;
7/11/2016 12:00:00 AM;13112;
7/1/2016 12:00:00 AM;13172;
6/30/2016 12:00:00 AM;13180;
6/29/2016 12:00:00 AM;13166;
6/28/2016 12:00:00 AM;13256;
6/27/2016 12:00:00 AM;13495;
6/24/2016 12:00:00 AM;13296;
6/23/2016 12:00:00 AM;13265;
6/22/2016 12:00:00 AM;13298;
6/21/2016 12:00:00 AM;13286;
6/20/2016 12:00:00 AM;13260;
6/17/2016 12:00:00 AM;13358;
6/16/2016 12:00:00 AM;13327;
6/15/2016 12:00:00 AM;13398;
6/14/2016 12:00:00 AM;13273;
6/13/2016 12:00:00 AM;13341;
6/10/2016 12:00:00 AM;13309;
6/9/2016 12:00:00 AM;13231;
6/8/2016 12:00:00 AM;13241;
6/7/2016 12:00:00 AM;13375;
6/6/2016 12:00:00 AM;13478;
6/3/2016 12:00:00 AM;13612;
6/2/2016 12:00:00 AM;13695;
6/1/2016 12:00:00 AM;13671;
5/31/2016 12:00:00 AM;13615;
5/30/2016 12:00:00 AM;13641;
5/27/2016 12:00:00 AM;13575;
5/26/2016 12:00:00 AM;13615;
5/25/2016 12:00:00 AM;13671;
5/24/2016 12:00:00 AM;13606;
5/23/2016 12:00:00 AM;13607;
5/20/2016 12:00:00 AM;13573;
5/19/2016 12:00:00 AM;13467;
5/18/2016 12:00:00 AM;13319;
5/17/2016 12:00:00 AM;13278;
5/16/2016 12:00:00 AM;13328;
5/13/2016 12:00:00 AM;13311;
5/12/2016 12:00:00 AM;13299;
5/11/2016 12:00:00 AM;13271;
5/10/2016 12:00:00 AM;13333;
5/9/2016 12:00:00 AM;13284;
5/4/2016 12:00:00 AM;13246;
5/3/2016 12:00:00 AM;13162;
5/2/2016 12:00:00 AM;13192;
4/29/2016 12:00:00 AM;13204;
4/28/2016 12:00:00 AM;13204;
4/27/2016 12:00:00 AM;13173;
4/26/2016 12:00:00 AM;13215;
4/25/2016 12:00:00 AM;13235;
4/22/2016 12:00:00 AM;13169;
4/21/2016 12:00:00 AM;13182;
4/20/2016 12:00:00 AM;13133;
4/19/2016 12:00:00 AM;13150;
4/18/2016 12:00:00 AM;13204;
4/15/2016 12:00:00 AM;13166;
4/14/2016 12:00:00 AM;13238;
4/13/2016 12:00:00 AM;13096;
4/12/2016 12:00:00 AM;13123;
4/11/2016 12:00:00 AM;13134;
4/8/2016 12:00:00 AM;13169;
4/7/2016 12:00:00 AM;13197;
4/6/2016 12:00:00 AM;13223;
4/5/2016 12:00:00 AM;13217;
4/4/2016 12:00:00 AM;13145;
4/1/2016 12:00:00 AM;13200;
3/31/2016 12:00:00 AM;13276;
3/30/2016 12:00:00 AM;13359;
3/29/2016 12:00:00 AM;13363;
3/28/2016 12:00:00 AM;13323;
3/24/2016 12:00:00 AM;13250;
3/23/2016 12:00:00 AM;13167;
3/22/2016 12:00:00 AM;13175;
3/21/2016 12:00:00 AM;13160;
3/18/2016 12:00:00 AM;13048;
3/17/2016 12:00:00 AM;13166;
3/16/2016 12:00:00 AM;13169;
3/15/2016 12:00:00 AM;13087;
3/14/2016 12:00:00 AM;13020;
3/11/2016 12:00:00 AM;13087;
3/10/2016 12:00:00 AM;13149;
3/8/2016 12:00:00 AM;13128;
3/7/2016 12:00:00 AM;13029;
3/4/2016 12:00:00 AM;13159;
3/3/2016 12:00:00 AM;13260;
3/2/2016 12:00:00 AM;13314;
3/1/2016 12:00:00 AM;13367;
2/29/2016 12:00:00 AM;13395;
2/26/2016 12:00:00 AM;13400;
2/25/2016 12:00:00 AM;13416;
2/24/2016 12:00:00 AM;13446;
2/23/2016 12:00:00 AM;13397;
2/22/2016 12:00:00 AM;13460;
2/19/2016 12:00:00 AM;13549;
2/18/2016 12:00:00 AM;13479;
2/17/2016 12:00:00 AM;13504;
2/16/2016 12:00:00 AM;13333;
2/15/2016 12:00:00 AM;13476;
2/12/2016 12:00:00 AM;13471;
2/11/2016 12:00:00 AM;13369;
2/10/2016 12:00:00 AM;13538;
2/9/2016 12:00:00 AM;13689;
2/5/2016 12:00:00 AM;13653;
2/4/2016 12:00:00 AM;13662;
2/3/2016 12:00:00 AM;13757;
2/2/2016 12:00:00 AM;13621;
2/1/2016 12:00:00 AM;13699;
1/29/2016 12:00:00 AM;13846;
1/28/2016 12:00:00 AM;13889;
1/27/2016 12:00:00 AM;13871;
1/26/2016 12:00:00 AM;13904;
1/25/2016 12:00:00 AM;13844;
1/22/2016 12:00:00 AM;13874;
1/21/2016 12:00:00 AM;13899;
1/20/2016 12:00:00 AM;13896;
1/19/2016 12:00:00 AM;13921;
1/18/2016 12:00:00 AM;13931;
1/15/2016 12:00:00 AM;13886;
1/14/2016 12:00:00 AM;13877;
1/13/2016 12:00:00 AM;13861;
1/12/2016 12:00:00 AM;13835;
1/11/2016 12:00:00 AM;13935;
1/8/2016 12:00:00 AM;13874;
1/7/2016 12:00:00 AM;13946;
1/6/2016 12:00:00 AM;13863;
1/5/2016 12:00:00 AM;13931;
1/4/2016 12:00:00 AM;13898;
12/31/2015 12:00:00 AM;13795;
12/30/2015 12:00:00 AM;13794;
12/29/2015 12:00:00 AM;13658;
12/28/2015 12:00:00 AM;13639;
12/23/2015 12:00:00 AM;13644;
12/22/2015 12:00:00 AM;13615;
12/21/2015 12:00:00 AM;13872;
12/18/2015 12:00:00 AM;14032;
12/17/2015 12:00:00 AM;14028;
12/16/2015 12:00:00 AM;14050;
12/15/2015 12:00:00 AM;14065;
12/14/2015 12:00:00 AM;14076;
12/11/2015 12:00:00 AM;13937;
12/10/2015 12:00:00 AM;13954;
12/8/2015 12:00:00 AM;13853;
12/7/2015 12:00:00 AM;13837;
12/4/2015 12:00:00 AM;13833;
12/3/2015 12:00:00 AM;13845;
12/2/2015 12:00:00 AM;13757;
12/1/2015 12:00:00 AM;13808;
11/30/2015 12:00:00 AM;13840;
11/27/2015 12:00:00 AM;13747;
11/26/2015 12:00:00 AM;13733;
11/25/2015 12:00:00 AM;13673;
11/24/2015 12:00:00 AM;13723;
11/23/2015 12:00:00 AM;13696;
11/20/2015 12:00:00 AM;13739;
11/19/2015 12:00:00 AM;13787;
11/18/2015 12:00:00 AM;13763;
11/17/2015 12:00:00 AM;13711;
11/16/2015 12:00:00 AM;13732;
11/13/2015 12:00:00 AM;13633;
11/12/2015 12:00:00 AM;13575;
11/11/2015 12:00:00 AM;13576;
11/10/2015 12:00:00 AM;13619;
11/9/2015 12:00:00 AM;13687;
11/6/2015 12:00:00 AM;13550;
11/5/2015 12:00:00 AM;13603;
11/4/2015 12:00:00 AM;13461;
11/3/2015 12:00:00 AM;13594;
11/2/2015 12:00:00 AM;13682;
10/30/2015 12:00:00 AM;13639;
10/29/2015 12:00:00 AM;13562;
10/28/2015 12:00:00 AM;13630;
10/27/2015 12:00:00 AM;13626;
10/26/2015 12:00:00 AM;13643;
10/23/2015 12:00:00 AM;13491;
10/22/2015 12:00:00 AM;13640;
10/21/2015 12:00:00 AM;13696;
10/20/2015 12:00:00 AM;13634;
10/19/2015 12:00:00 AM;13563;
10/16/2015 12:00:00 AM;13534;
10/15/2015 12:00:00 AM;13288;
10/13/2015 12:00:00 AM;13557;
10/12/2015 12:00:00 AM;13466;
10/9/2015 12:00:00 AM;13521;
10/8/2015 12:00:00 AM;13809;
10/7/2015 12:00:00 AM;14065;
10/6/2015 12:00:00 AM;14382;
10/5/2015 12:00:00 AM;14604;
10/2/2015 12:00:00 AM;14709;
10/1/2015 12:00:00 AM;14654;
9/30/2015 12:00:00 AM;14657;
9/29/2015 12:00:00 AM;14728;
9/28/2015 12:00:00 AM;14696;
9/25/2015 12:00:00 AM;14690;
9/23/2015 12:00:00 AM;14623;
9/22/2015 12:00:00 AM;14486;
9/21/2015 12:00:00 AM;14451;
9/18/2015 12:00:00 AM;14463;
9/17/2015 12:00:00 AM;14452;
9/16/2015 12:00:00 AM;14442;
9/15/2015 12:00:00 AM;14371;
9/14/2015 12:00:00 AM;14322;
9/11/2015 12:00:00 AM;14306;
9/10/2015 12:00:00 AM;14322;
9/9/2015 12:00:00 AM;14244;
9/8/2015 12:00:00 AM;14285;
9/7/2015 12:00:00 AM;14234;
9/4/2015 12:00:00 AM;14178;
9/3/2015 12:00:00 AM;14160;
9/2/2015 12:00:00 AM;14127;
9/1/2015 12:00:00 AM;14081;
8/31/2015 12:00:00 AM;14027;
8/28/2015 12:00:00 AM;14011;
8/27/2015 12:00:00 AM;14128;
8/26/2015 12:00:00 AM;14102;
8/25/2015 12:00:00 AM;14067;
8/24/2015 12:00:00 AM;13998;
8/21/2015 12:00:00 AM;13895;
8/20/2015 12:00:00 AM;13838;
8/19/2015 12:00:00 AM;13824;
8/18/2015 12:00:00 AM;13831;
8/14/2015 12:00:00 AM;13763;
8/13/2015 12:00:00 AM;13747;
8/12/2015 12:00:00 AM;13758;
8/11/2015 12:00:00 AM;13541;
8/10/2015 12:00:00 AM;13536;
8/7/2015 12:00:00 AM;13536;
8/6/2015 12:00:00 AM;13529;
8/5/2015 12:00:00 AM;13517;
8/4/2015 12:00:00 AM;13495;
8/3/2015 12:00:00 AM;13492;
7/31/2015 12:00:00 AM;13481;
7/30/2015 12:00:00 AM;13468;
7/29/2015 12:00:00 AM;13444;
7/28/2015 12:00:00 AM;13460;
7/27/2015 12:00:00 AM;13453;
7/24/2015 12:00:00 AM;13448;
7/23/2015 12:00:00 AM;13394;
7/22/2015 12:00:00 AM;13368;
7/15/2015 12:00:00 AM;13329;
7/14/2015 12:00:00 AM;13320;
7/13/2015 12:00:00 AM;13309;
7/10/2015 12:00:00 AM;13304;
7/9/2015 12:00:00 AM;13347;
7/8/2015 12:00:00 AM;13346;
7/7/2015 12:00:00 AM;13313;
7/6/2015 12:00:00 AM;13353;
7/3/2015 12:00:00 AM;13316;
7/2/2015 12:00:00 AM;13337;
7/1/2015 12:00:00 AM;13331;
6/30/2015 12:00:00 AM;13332;
6/29/2015 12:00:00 AM;13356;
6/26/2015 12:00:00 AM;13338;
6/25/2015 12:00:00 AM;13323;
6/24/2015 12:00:00 AM;13280;
6/23/2015 12:00:00 AM;13316;
6/22/2015 12:00:00 AM;13318;
6/19/2015 12:00:00 AM;13324;
6/18/2015 12:00:00 AM;13341;
6/17/2015 12:00:00 AM;13367;
6/16/2015 12:00:00 AM;13333;
6/15/2015 12:00:00 AM;13333;
6/12/2015 12:00:00 AM;13317;
6/11/2015 12:00:00 AM;13292;
6/10/2015 12:00:00 AM;13329;
6/9/2015 12:00:00 AM;13362;
6/8/2015 12:00:00 AM;13360;
6/5/2015 12:00:00 AM;13288;
6/4/2015 12:00:00 AM;13243;
6/3/2015 12:00:00 AM;13196;
6/1/2015 12:00:00 AM;13230;
5/29/2015 12:00:00 AM;13211;
5/28/2015 12:00:00 AM;13205;
5/27/2015 12:00:00 AM;13229;
5/26/2015 12:00:00 AM;13192;
5/25/2015 12:00:00 AM;13186;
5/22/2015 12:00:00 AM;13136;
5/21/2015 12:00:00 AM;13150;
5/20/2015 12:00:00 AM;13169;
5/19/2015 12:00:00 AM;13183;
5/18/2015 12:00:00 AM;13116;
5/15/2015 12:00:00 AM;13090;
5/13/2015 12:00:00 AM;13188;
5/12/2015 12:00:00 AM;13203;
5/11/2015 12:00:00 AM;13116;
5/8/2015 12:00:00 AM;13177;
5/7/2015 12:00:00 AM;13065;
5/6/2015 12:00:00 AM;13040;
5/5/2015 12:00:00 AM;12993;
5/4/2015 12:00:00 AM;13021;
4/30/2015 12:00:00 AM;12937;
4/29/2015 12:00:00 AM;12964;
4/28/2015 12:00:00 AM;12978;
4/27/2015 12:00:00 AM;12922;
4/24/2015 12:00:00 AM;12941;
4/23/2015 12:00:00 AM;12939;
4/22/2015 12:00:00 AM;12952;
4/21/2015 12:00:00 AM;12942;
4/20/2015 12:00:00 AM;12875;
4/17/2015 12:00:00 AM;12863;
4/16/2015 12:00:00 AM;12838;
4/15/2015 12:00:00 AM;12976;
4/14/2015 12:00:00 AM;12979;
4/13/2015 12:00:00 AM;12945;
4/10/2015 12:00:00 AM;12910;
4/9/2015 12:00:00 AM;12973;
4/8/2015 12:00:00 AM;13002;
4/7/2015 12:00:00 AM;12982;
4/6/2015 12:00:00 AM;12942;
4/2/2015 12:00:00 AM;13000;
4/1/2015 12:00:00 AM;13043;
3/31/2015 12:00:00 AM;13084;
3/30/2015 12:00:00 AM;13086;
3/27/2015 12:00:00 AM;13064;
3/26/2015 12:00:00 AM;13003;
3/25/2015 12:00:00 AM;12932;
3/24/2015 12:00:00 AM;12972;
3/23/2015 12:00:00 AM;13076;
3/20/2015 12:00:00 AM;13075;
3/19/2015 12:00:00 AM;13008;
3/18/2015 12:00:00 AM;13164;
3/17/2015 12:00:00 AM;13209;
3/16/2015 12:00:00 AM;13237;
3/13/2015 12:00:00 AM;13191;
3/12/2015 12:00:00 AM;13176;
3/11/2015 12:00:00 AM;13164;
3/10/2015 12:00:00 AM;13059;
3/9/2015 12:00:00 AM;13047;
3/6/2015 12:00:00 AM;12983;
3/5/2015 12:00:00 AM;13022;
3/4/2015 12:00:00 AM;12963;
3/3/2015 12:00:00 AM;12962;
3/2/2015 12:00:00 AM;12993;
2/27/2015 12:00:00 AM;12863;
2/26/2015 12:00:00 AM;12862;
2/25/2015 12:00:00 AM;12887;
2/24/2015 12:00:00 AM;12866;
2/23/2015 12:00:00 AM;12813;
2/20/2015 12:00:00 AM;12849;
2/18/2015 12:00:00 AM;12804;
2/17/2015 12:00:00 AM;12757;
2/16/2015 12:00:00 AM;12742;
2/13/2015 12:00:00 AM;12769;
2/12/2015 12:00:00 AM;12794;
2/11/2015 12:00:00 AM;12700;
2/10/2015 12:00:00 AM;12644;
2/9/2015 12:00:00 AM;12679;
2/6/2015 12:00:00 AM;12613;
2/5/2015 12:00:00 AM;12653;
2/4/2015 12:00:00 AM;12609;
2/3/2015 12:00:00 AM;12643;
2/2/2015 12:00:00 AM;12700;
1/30/2015 12:00:00 AM;12625;
1/29/2015 12:00:00 AM;12515;
1/28/2015 12:00:00 AM;12498;
1/27/2015 12:00:00 AM;12493;
1/26/2015 12:00:00 AM;12517;
1/23/2015 12:00:00 AM;12444;
1/22/2015 12:00:00 AM;12451;
1/21/2015 12:00:00 AM;12557;
1/20/2015 12:00:00 AM;12659;
1/19/2015 12:00:00 AM;12612;
1/16/2015 12:00:00 AM;12593;
1/15/2015 12:00:00 AM;12617;
1/14/2015 12:00:00 AM;12580;
1/13/2015 12:00:00 AM;12608;
1/12/2015 12:00:00 AM;12568;
1/9/2015 12:00:00 AM;12640;
1/8/2015 12:00:00 AM;12731;
1/7/2015 12:00:00 AM;12732;
1/6/2015 12:00:00 AM;12658;
1/5/2015 12:00:00 AM;12589;
1/2/2015 12:00:00 AM;12474;
;;
;;
;;
;;
